provider_id,provider_name,provider_type,state,city,network_tier,avg_billing_amount,peer_avg_billing,billing_ratio,active,is_anomaly,is_fraud_ring
HSP0001,"Choudhury, Bakshi and Maharaj Hospital",Hospital,Uttar Pradesh,Rajahmundry,Network-B,82327.62,30000,2.744,True,True,False
HSP0002,Chaudry Ltd Hospital,Hospital,Bihar,Gudivada,Out-of-Network,79520.82,30000,2.651,True,True,False
HSP0003,Balay-Balan Hospital,Hospital,Bihar,Bellary,Network-B,68278.98,30000,2.276,True,True,False
HSP0004,Tiwari PLC Hospital,Hospital,Rajasthan,Kishanganj,Network-C,29320.97,30000,0.977,True,False,False
HSP0005,Saini and Sons Hospital,Hospital,Odisha,Giridih,Network-A,33931.57,30000,1.131,True,False,False
HSP0006,Ahuja-Dutta Hospital,Hospital,Uttar Pradesh,Mau,Network-B,35648.38,30000,1.188,True,False,False
HSP0007,Dugal-Kale Hospital,Hospital,Uttar Pradesh,Kota,Network-A,29600.65,30000,0.987,False,False,False
HSP0008,Rai Inc Hospital,Hospital,Chhattisgarh,Hapur,Network-C,32937.15,30000,1.098,True,False,False
HSP0009,"Lalla, Bassi and Sharaf Hospital",Hospital,Karnataka,Burhanpur,Network-B,29634.67,30000,0.988,True,False,False
HSP0010,Memon Ltd Hospital,Hospital,Bihar,Gangtok,Network-B,26722.91,30000,0.891,True,False,False
HSP0011,Boase Inc Hospital,Hospital,Maharashtra,Ramagundam,Network-C,32403.18,30000,1.08,True,False,False
HSP0012,Kaul Inc Hospital,Hospital,Uttar Pradesh,Alwar,Network-C,28649.74,30000,0.955,True,False,False
HSP0013,Patla-Gaba Hospital,Hospital,Tamil Nadu,Raichur,Network-A,26398.9,30000,0.88,False,False,False
HSP0014,Loke Ltd Hospital,Hospital,Uttar Pradesh,Narasaraopet,Network-C,32461.98,30000,1.082,True,False,False
HSP0015,"Garg, Walla and Konda Hospital",Hospital,Maharashtra,Surendranagar Dudhrej,Network-B,25677.56,30000,0.856,True,False,False
HSP0016,Madan-Kanda Hospital,Hospital,Tamil Nadu,Pimpri-Chinchwad,Network-B,30782.83,30000,1.026,True,False,False
HSP0017,Balay LLC Hospital,Hospital,Rajasthan,Agartala,Network-B,30710.49,30000,1.024,True,False,False
HSP0018,Kakar PLC Hospital,Hospital,Andhra Pradesh,Rajpur Sonarpur,Network-B,26575.02,30000,0.886,True,False,False
HSP0019,"Tata, Randhawa and Shanker Hospital",Hospital,Uttar Pradesh,Bilaspur,Network-A,24699.63,30000,0.823,True,False,False
HSP0020,Koshy Ltd Hospital,Hospital,Jharkhand,Bhimavaram,Network-C,30684.39,30000,1.023,True,False,False
HSP0021,Rastogi-Pathak Hospital,Hospital,Tamil Nadu,Durgapur,Network-B,33768.24,30000,1.126,True,False,False
HSP0022,"Tak, Chand and Batta Hospital",Hospital,Andhra Pradesh,Jamnagar,Network-A,32668.31,30000,1.089,True,False,False
HSP0023,"Dutta, Sami and Bhatt Hospital",Hospital,Delhi,Eluru,Network-B,25827.75,30000,0.861,True,False,False
HSP0024,"Sidhu, Wadhwa and Krishnamurthy Hospital",Hospital,Maharashtra,Raipur,Network-B,27618.15,30000,0.921,True,False,False
HSP0025,"Yadav, Loke and Oak Hospital",Hospital,Kerala,Durg,Network-A,25416.07,30000,0.847,True,False,False
HSP0026,Dugar-Setty Hospital,Hospital,Uttar Pradesh,Firozabad,Network-C,27190.44,30000,0.906,True,False,False
HSP0027,"Gokhale, Tripathi and Cherian Hospital",Hospital,Uttar Pradesh,Guna,Network-C,29392.34,30000,0.98,True,False,False
HSP0028,"Issac, Dua and Prakash Hospital",Hospital,Bihar,Panvel,Out-of-Network,29469.32,30000,0.982,True,False,False
HSP0029,"Acharya, Naik and Suresh Hospital",Hospital,Karnataka,Gorakhpur,Network-B,26121.27,30000,0.871,True,False,False
HSP0030,Mohanty-Khatri Hospital,Hospital,Uttar Pradesh,New Delhi,Network-C,29185.12,30000,0.973,True,False,False
HSP0031,"Brar, Chada and Sunder Hospital",Hospital,Punjab,Katihar,Network-C,25013.33,30000,0.834,True,False,False
HSP0032,Dave Ltd Hospital,Hospital,Andhra Pradesh,Jamalpur,Network-B,27958.33,30000,0.932,True,False,False
HSP0033,Lanka PLC Hospital,Hospital,Bihar,Rajpur Sonarpur,Network-B,26047.12,30000,0.868,True,False,False
HSP0034,"Iyer, Muni and Rastogi Hospital",Hospital,Punjab,Bahraich,Network-B,31090.99,30000,1.036,False,False,False
HSP0035,"Seth, Dara and Kota Hospital",Hospital,West Bengal,Rajkot,Network-B,33392.82,30000,1.113,True,False,False
HSP0036,Bail-Karpe Hospital,Hospital,Maharashtra,Chennai,Network-B,35253.92,30000,1.175,True,False,False
HSP0037,Bhargava and Sons Hospital,Hospital,Maharashtra,Patna,Network-B,27978.83,30000,0.933,True,False,False
HSP0038,Bobal-Varkey Hospital,Hospital,Maharashtra,Alwar,Network-A,33915.5,30000,1.131,True,False,False
HSP0039,"Sunder, Kala and Zacharia Hospital",Hospital,Chhattisgarh,Aurangabad,Network-B,25302.91,30000,0.843,True,False,False
HSP0040,"Solanki, Kibe and Solanki Hospital",Hospital,Jharkhand,Jhansi,Network-C,32723.94,30000,1.091,True,False,False
HSP0041,Chatterjee Ltd Hospital,Hospital,Bihar,Raichur,Out-of-Network,26762.57,30000,0.892,False,False,False
HSP0042,Roy-Sibal Hospital,Hospital,Odisha,Navi Mumbai,Network-B,33957.48,30000,1.132,True,False,False
HSP0043,Rau Ltd Hospital,Hospital,Karnataka,Moradabad,Out-of-Network,27491.01,30000,0.916,True,False,False
HSP0044,Handa and Sons Hospital,Hospital,Haryana,Kolhapur,Out-of-Network,25975.29,30000,0.866,False,False,False
HSP0045,Goswami-Mallick Hospital,Hospital,Maharashtra,Kulti,Out-of-Network,34700.13,30000,1.157,True,False,False
HSP0046,Savant PLC Hospital,Hospital,Uttar Pradesh,Dhanbad,Network-C,30226.3,30000,1.008,True,False,False
HSP0047,"Zachariah, Aurora and Chander Hospital",Hospital,Uttar Pradesh,Rourkela,Network-C,28483.89,30000,0.949,True,False,False
HSP0048,Sunder-Srivastava Hospital,Hospital,Telangana,Rewa,Network-B,35241.76,30000,1.175,True,False,False
HSP0049,Gala Group Hospital,Hospital,Bihar,Pali,Network-C,25839.41,30000,0.861,True,False,False
HSP0050,Sha-Mangal Hospital,Hospital,Punjab,Miryalaguda,Network-C,26357.22,30000,0.879,True,False,False
HSP0051,"Sur, Dubey and Gupta Hospital",Hospital,Uttar Pradesh,Bellary,Out-of-Network,30008.89,30000,1.0,True,False,False
HSP0052,Bhat Ltd Hospital,Hospital,Andhra Pradesh,Howrah,Network-A,25581.87,30000,0.853,True,False,False
HSP0053,Sood PLC Hospital,Hospital,Bihar,Howrah,Network-B,32331.15,30000,1.078,True,False,False
HSP0054,"Buch, Grewal and Biswas Hospital",Hospital,Gujarat,Noida,Network-C,32584.89,30000,1.086,True,False,False
HSP0055,Dar-Koshy Hospital,Hospital,Bihar,Udupi,Network-A,35130.75,30000,1.171,True,False,False
HSP0056,Saini Ltd Hospital,Hospital,Karnataka,Bhilwara,Network-B,31954.37,30000,1.065,True,False,False
HSP0057,Murthy and Sons Hospital,Hospital,Jharkhand,Tenali,Out-of-Network,24298.31,30000,0.81,True,False,False
HSP0058,Mital Group Hospital,Hospital,Rajasthan,Srinagar,Network-A,25684.08,30000,0.856,True,False,False
HSP0059,Shanker PLC Hospital,Hospital,West Bengal,Srinagar,Network-B,35196.28,30000,1.173,True,False,False
HSP0060,"Kala, Toor and Lanka Hospital",Hospital,Maharashtra,Karnal,Network-C,24214.04,30000,0.807,True,False,False
HSP0061,Konda LLC Hospital,Hospital,Uttar Pradesh,Sangli-Miraj & Kupwad,Network-C,26791.69,30000,0.893,True,False,False
HSP0062,Mittal-Wadhwa Hospital,Hospital,Rajasthan,Begusarai,Network-C,31237.29,30000,1.041,True,False,False
HSP0063,Chawla-Desai Hospital,Hospital,Kerala,Bhiwandi,Network-B,31823.17,30000,1.061,True,False,False
HSP0064,Dugal LLC Hospital,Hospital,Maharashtra,Mahbubnagar,Network-A,26839.95,30000,0.895,True,False,False
HSP0065,Oza and Sons Hospital,Hospital,Uttar Pradesh,Dibrugarh,Network-A,24798.71,30000,0.827,True,False,False
HSP0066,Krishnamurthy-Behl Hospital,Hospital,Chhattisgarh,Bhusawal,Network-C,27724.02,30000,0.924,True,False,False
HSP0067,Basu-Aggarwal Hospital,Hospital,Uttarakhand,Bikaner,Network-A,27416.64,30000,0.914,True,False,False
HSP0068,"Lala, Edwin and Sathe Hospital",Hospital,Bihar,Kishanganj,Network-A,24664.74,30000,0.822,True,False,False
HSP0069,Choudhury Inc Hospital,Hospital,Assam,Bongaigaon,Network-B,32168.57,30000,1.072,True,False,False
HSP0070,Pingle PLC Hospital,Hospital,Karnataka,Chinsurah,Network-B,34500.06,30000,1.15,True,False,False
HSP0071,Barman LLC Hospital,Hospital,Assam,Thane,Network-A,26840.94,30000,0.895,True,False,False
HSP0072,Kade-Krish Hospital,Hospital,Odisha,Raichur,Network-B,24591.05,30000,0.82,True,False,False
HSP0073,"Ray, Dubey and Khalsa Hospital",Hospital,Maharashtra,Belgaum,Network-A,34001.5,30000,1.133,True,False,False
HSP0074,Bakshi-Gola Hospital,Hospital,Uttarakhand,Bulandshahr,Network-A,34122.9,30000,1.137,True,False,False
HSP0075,"Kothari, Loke and Dutta Hospital",Hospital,West Bengal,Eluru,Network-C,33353.73,30000,1.112,True,False,False
HSP0076,Singhal and Sons Hospital,Hospital,Uttar Pradesh,Jaunpur,Network-A,30432.82,30000,1.014,True,False,False
HSP0077,Mody-Kari Hospital,Hospital,Uttar Pradesh,Nagpur,Network-B,28621.07,30000,0.954,True,False,False
HSP0078,"Hans, Rastogi and Narasimhan Hospital",Hospital,Haryana,Coimbatore,Network-A,29734.53,30000,0.991,True,False,False
HSP0079,Panchal-Upadhyay Hospital,Hospital,Gujarat,Jorhat,Network-B,28396.71,30000,0.947,True,False,False
HSP0080,Bala-D’Alia Hospital,Hospital,Kerala,Mangalore,Network-C,27562.52,30000,0.919,True,False,False
HSP0081,"Lanka, Barad and Chopra Hospital",Hospital,Uttarakhand,Hapur,Network-B,27940.33,30000,0.931,True,False,False
HSP0082,"Murthy, Sarin and Vaidya Hospital",Hospital,Uttar Pradesh,Kharagpur,Network-C,33652.7,30000,1.122,True,False,False
HSP0083,"Gupta, Kumar and Basu Hospital",Hospital,Rajasthan,Mumbai,Network-B,32818.72,30000,1.094,True,False,False
HSP0084,"Yohannan, Hegde and Patla Hospital",Hospital,Tamil Nadu,Coimbatore,Network-C,25585.23,30000,0.853,True,False,False
HSP0085,"Narayanan, Murthy and Dash Hospital",Hospital,Bihar,Guna,Network-C,25013.92,30000,0.834,True,False,False
HSP0086,Rege-Narain Hospital,Hospital,Bihar,Sagar,Out-of-Network,33610.61,30000,1.12,True,False,False
HSP0087,"Datta, Handa and Salvi Hospital",Hospital,Uttar Pradesh,Akola,Network-C,35352.32,30000,1.178,True,False,False
HSP0088,"Mitra, Ravi and Acharya Hospital",Hospital,Punjab,Baranagar,Network-A,31393.99,30000,1.046,True,False,False
HSP0089,Sani PLC Hospital,Hospital,Odisha,Kirari Suleman Nagar,Network-B,29591.82,30000,0.986,True,False,False
HSP0090,Sathe-Kala Hospital,Hospital,Uttar Pradesh,Gulbarga,Network-C,29905.84,30000,0.997,True,False,False
HSP0091,"Chad, Mander and Varma Hospital",Hospital,West Bengal,Tiruchirappalli,Network-A,25405.24,30000,0.847,True,False,False
HSP0092,Mukherjee and Sons Hospital,Hospital,Tamil Nadu,Siliguri,Network-B,33291.86,30000,1.11,True,False,False
HSP0093,Batra and Sons Hospital,Hospital,Karnataka,Phagwara,Network-C,33150.39,30000,1.105,True,False,False
HSP0094,Shah Group Hospital,Hospital,Kerala,Yamunanagar,Network-B,25891.34,30000,0.863,True,False,False
HSP0095,Ratta-Kohli Hospital,Hospital,West Bengal,Kolkata,Network-B,28599.84,30000,0.953,True,False,False
HSP0096,Sandal and Sons Hospital,Hospital,Odisha,Kadapa,Out-of-Network,33363.62,30000,1.112,True,False,False
HSP0097,Bedi-Krish Hospital,Hospital,Kerala,Sirsa,Out-of-Network,32613.12,30000,1.087,True,False,False
HSP0098,Shetty Ltd Hospital,Hospital,Bihar,Mango,Network-C,31644.89,30000,1.055,True,False,False
HSP0099,"Thaman, Sandhu and Sehgal Hospital",Hospital,Punjab,Fatehpur,Network-C,24147.63,30000,0.805,True,False,False
HSP0100,Lad-Kota Hospital,Hospital,Uttar Pradesh,Saharsa,Network-B,29502.58,30000,0.983,True,False,False
HSP0101,Khare-Maharaj Hospital,Hospital,Karnataka,Solapur,Out-of-Network,33375.53,30000,1.113,True,False,False
HSP0102,"Mangal, Keer and Magar Hospital",Hospital,West Bengal,Imphal,Network-C,27406.9,30000,0.914,True,False,False
HSP0103,"Buch, Devi and Dora Hospital",Hospital,Bihar,Yamunanagar,Out-of-Network,31988.22,30000,1.066,True,False,False
HSP0104,"Dua, Kala and Bhatt Hospital",Hospital,Bihar,Vellore,Network-C,24347.99,30000,0.812,True,False,False
HSP0105,Shukla-Sagar Hospital,Hospital,Chhattisgarh,Tiruppur,Network-C,26378.45,30000,0.879,True,False,False
HSP0106,Ramachandran-Bahri Hospital,Hospital,Rajasthan,Morena,Network-A,24065.16,30000,0.802,True,False,False
HSP0107,Pandey LLC Hospital,Hospital,Rajasthan,Gurgaon,Network-C,26862.63,30000,0.895,True,False,False
HSP0108,"Kannan, Sura and Kanda Hospital",Hospital,Assam,Junagadh,Network-C,35133.55,30000,1.171,True,False,False
HSP0109,Balakrishnan-Ramachandran Hospital,Hospital,Tamil Nadu,Machilipatnam,Network-C,24481.82,30000,0.816,True,False,False
HSP0110,"Gandhi, Sibal and Datta Hospital",Hospital,Bihar,Singrauli,Network-B,32942.26,30000,1.098,True,False,False
HSP0111,"Bala, Chacko and Sangha Hospital",Hospital,Uttar Pradesh,Surendranagar Dudhrej,Network-A,32815.45,30000,1.094,True,False,False
HSP0112,Bedi LLC Hospital,Hospital,Himachal Pradesh,Khammam,Network-C,35762.46,30000,1.192,True,False,False
HSP0113,Sha LLC Hospital,Hospital,Assam,Nadiad,Network-C,24508.21,30000,0.817,True,False,False
HSP0114,Sama-Krishnan Hospital,Hospital,Tamil Nadu,Nandyal,Network-A,25100.65,30000,0.837,True,False,False
HSP0115,Zacharia Inc Hospital,Hospital,West Bengal,Rajahmundry,Network-B,33408.97,30000,1.114,True,False,False
HSP0116,"Biswas, Baria and Balasubramanian Hospital",Hospital,Odisha,Kollam,Network-A,35352.29,30000,1.178,True,False,False
HSP0117,Dua and Sons Hospital,Hospital,Punjab,Bhalswa Jahangir Pur,Network-C,31790.8,30000,1.06,True,False,False
HSP0118,"Contractor, Kamdar and Shroff Hospital",Hospital,Chhattisgarh,Arrah,Network-B,28848.41,30000,0.962,True,False,False
HSP0119,Contractor and Sons Hospital,Hospital,Bihar,Moradabad,Network-A,27336.91,30000,0.911,True,False,False
HSP0120,"Bal, Muni and Prashad Hospital",Hospital,Madhya Pradesh,Davanagere,Network-C,31615.55,30000,1.054,True,False,False
HSP0121,Kibe Inc Hospital,Hospital,Madhya Pradesh,Ghaziabad,Network-A,31059.67,30000,1.035,True,False,False
HSP0122,Barman LLC Hospital,Hospital,Andhra Pradesh,Uluberia,Network-B,29689.59,30000,0.99,True,False,False
HSP0123,Toor Ltd Hospital,Hospital,Odisha,Ahmedabad,Network-B,32424.03,30000,1.081,True,False,False
HSP0124,Suri-Cherian Hospital,Hospital,Rajasthan,Mirzapur,Network-B,33449.19,30000,1.115,True,False,False
HSP0125,"Sharaf, Dua and Saran Hospital",Hospital,Maharashtra,Nagaon,Network-C,28327.89,30000,0.944,True,False,False
HSP0126,"Madan, Yohannan and Sule Hospital",Hospital,Telangana,Junagadh,Network-C,35052.69,30000,1.168,True,False,False
HSP0127,"Loyal, Naidu and Korpal Hospital",Hospital,Maharashtra,Alwar,Network-C,27773.41,30000,0.926,True,False,False
HSP0128,Kohli-Shetty Hospital,Hospital,Maharashtra,Naihati,Network-A,24864.71,30000,0.829,True,False,False
HSP0129,Talwar LLC Hospital,Hospital,Assam,Morbi,Network-B,28009.56,30000,0.934,True,False,False
HSP0130,Pant LLC Hospital,Hospital,Karnataka,Parbhani,Network-C,24176.19,30000,0.806,True,False,False
HSP0131,"Majumdar, Anne and Varughese Hospital",Hospital,Uttar Pradesh,Guwahati,Network-B,25843.35,30000,0.861,True,False,False
HSP0132,Ray Group Hospital,Hospital,Bihar,Fatehpur,Network-B,35501.15,30000,1.183,True,False,False
HSP0133,"Swaminathan, Sem and Badal Hospital",Hospital,Uttar Pradesh,Durg,Network-B,32251.98,30000,1.075,True,False,False
HSP0134,Ravel Ltd Hospital,Hospital,Madhya Pradesh,Farrukhabad,Network-C,24128.73,30000,0.804,True,False,False
HSP0135,"Pillay, Solanki and Wali Hospital",Hospital,Maharashtra,Khandwa,Network-A,25990.88,30000,0.866,True,False,False
HSP0136,"Narayanan, Pandey and Setty Hospital",Hospital,West Bengal,Farrukhabad,Network-B,34068.84,30000,1.136,True,False,False
HSP0137,Kashyap-Dara Hospital,Hospital,Chhattisgarh,Satna,Network-B,28710.87,30000,0.957,True,False,False
HSP0138,Wason Ltd Hospital,Hospital,Uttar Pradesh,Nellore,Network-B,29631.92,30000,0.988,True,False,False
HSP0139,Sule LLC Hospital,Hospital,Delhi,Salem,Out-of-Network,24535.79,30000,0.818,True,False,False
HSP0140,Minhas and Sons Hospital,Hospital,Jharkhand,Mangalore,Network-B,31037.34,30000,1.035,True,False,False
HSP0141,Atwal-Walla Hospital,Hospital,Bihar,Panipat,Network-A,34123.06,30000,1.137,True,False,False
HSP0142,Bhagat PLC Hospital,Hospital,Rajasthan,Cuttack,Network-C,33154.84,30000,1.105,True,False,False
HSP0143,"Swaminathan, Chauhan and Arora Hospital",Hospital,Kerala,Nandyal,Network-B,28061.48,30000,0.935,True,False,False
HSP0144,Sastry-Oak Hospital,Hospital,Maharashtra,Faridabad,Network-C,34224.19,30000,1.141,True,False,False
HSP0145,Sridhar-Comar Hospital,Hospital,Uttar Pradesh,Rewa,Network-B,34203.29,30000,1.14,True,False,False
HSP0146,Borah-Bera Hospital,Hospital,Maharashtra,Jalgaon,Network-B,25259.76,30000,0.842,True,False,False
HSP0147,"Modi, Chada and Kothari Hospital",Hospital,Uttarakhand,Proddatur,Network-C,26130.08,30000,0.871,True,False,False
HSP0148,Kara-Virk Hospital,Hospital,Gujarat,Hospet,Network-A,35129.53,30000,1.171,True,False,False
HSP0149,Mishra-Sanghvi Hospital,Hospital,Karnataka,Jehanabad,Network-B,24087.77,30000,0.803,True,False,False
HSP0150,"Bhasin, Chaudhary and Johal Hospital",Hospital,Tamil Nadu,Bilaspur,Network-C,35781.67,30000,1.193,True,False,False
HSP0151,"Bumb, Dugar and Khatri Hospital",Hospital,Maharashtra,Suryapet,Network-C,34839.93,30000,1.161,True,False,False
HSP0152,Dugar Inc Hospital,Hospital,West Bengal,Hospet,Network-C,34401.62,30000,1.147,True,False,False
HSP0153,"Singhal, Manne and Bali Hospital",Hospital,Telangana,Tumkur,Network-B,30637.25,30000,1.021,True,False,False
HSP0154,"Mandal, Setty and Bobal Hospital",Hospital,West Bengal,Bilaspur,Out-of-Network,27458.74,30000,0.915,True,False,False
HSP0155,"Hora, Sandal and Contractor Hospital",Hospital,Telangana,Jalgaon,Network-B,25486.44,30000,0.85,False,False,False
HSP0156,Dhar-Bora Hospital,Hospital,Uttar Pradesh,Dehradun,Network-B,35826.48,30000,1.194,True,False,False
HSP0157,Mani-Sarna Hospital,Hospital,West Bengal,Bhind,Network-B,33524.19,30000,1.117,True,False,False
HSP0158,"Modi, Rau and Magar Hospital",Hospital,Odisha,Bahraich,Network-C,35096.42,30000,1.17,True,False,False
HSP0159,Baral Group Hospital,Hospital,Andhra Pradesh,Mahbubnagar,Network-B,24584.38,30000,0.819,True,False,False
HSP0160,Bal-Chand Hospital,Hospital,Tamil Nadu,Ramgarh,Network-C,33284.65,30000,1.109,True,False,False
HSP0161,"Bail, Luthra and Baria Hospital",Hospital,Telangana,Nandyal,Network-C,24587.56,30000,0.82,True,False,False
HSP0162,"Sathe, Mall and Golla Hospital",Hospital,Rajasthan,Pallavaram,Network-C,24054.0,30000,0.802,True,False,False
HSP0163,Singhal LLC Hospital,Hospital,Tamil Nadu,Thoothukudi,Network-A,28816.27,30000,0.961,True,False,False
HSP0164,Cheema-Dyal Hospital,Hospital,Tamil Nadu,Bulandshahr,Network-A,34233.37,30000,1.141,True,False,False
HSP0165,"Tandon, Mani and Rattan Hospital",Hospital,Uttar Pradesh,Malda,Network-B,31083.84,30000,1.036,True,False,False
HSP0166,Murty LLC Hospital,Hospital,Himachal Pradesh,Bhiwandi,Network-C,26251.12,30000,0.875,True,False,False
HSP0167,Varkey-Agarwal Hospital,Hospital,Karnataka,Haridwar,Network-C,33689.18,30000,1.123,True,False,False
HSP0168,Guha PLC Hospital,Hospital,Jharkhand,Panchkula,Network-B,25641.86,30000,0.855,True,False,False
HSP0169,"Sathe, Behl and Jani Hospital",Hospital,West Bengal,Jamalpur,Network-C,31142.55,30000,1.038,True,False,False
HSP0170,Mani Group Hospital,Hospital,Uttarakhand,Bhilai,Network-B,25612.4,30000,0.854,True,False,False
HSP0171,Khatri Ltd Hospital,Hospital,Bihar,Bijapur,Network-A,24212.03,30000,0.807,True,False,False
HSP0172,"Atwal, Reddy and Chander Hospital",Hospital,Rajasthan,Raipur,Network-B,29044.58,30000,0.968,True,False,False
HSP0173,Dalal-Dube Hospital,Hospital,Telangana,Jalna,Network-B,27414.49,30000,0.914,True,False,False
HSP0174,"Mahajan, Sagar and Subramanian Hospital",Hospital,Gujarat,Latur,Network-B,34908.78,30000,1.164,True,False,False
HSP0175,Dhillon-Rajagopal Hospital,Hospital,Telangana,Khora ,Network-B,31841.27,30000,1.061,True,False,False
HSP0176,"Deshpande, Boase and Majumdar Hospital",Hospital,Haryana,Mau,Network-B,25865.3,30000,0.862,True,False,False
HSP0177,"Loke, Agate and Mandal Hospital",Hospital,Jharkhand,Dharmavaram,Network-B,33503.69,30000,1.117,True,False,False
HSP0178,"Suri, Dixit and Sekhon Hospital",Hospital,Maharashtra,Hapur,Network-B,35936.42,30000,1.198,True,False,False
HSP0179,Purohit-Shah Hospital,Hospital,Uttar Pradesh,Maheshtala,Out-of-Network,33451.08,30000,1.115,True,False,False
HSP0180,"Khare, Rajagopal and Kaur Hospital",Hospital,Odisha,Varanasi,Network-A,31835.07,30000,1.061,True,False,False
HSP0181,Solanki-Raj Hospital,Hospital,Maharashtra,Saharanpur,Network-B,24430.11,30000,0.814,True,False,False
HSP0182,Bansal-Date Hospital,Hospital,Bihar,Salem,Network-A,26952.8,30000,0.898,True,False,False
HSP0183,Chaudhry-Vora Hospital,Hospital,Maharashtra,Kanpur,Network-B,27750.84,30000,0.925,True,False,False
HSP0184,"Dhawan, Rout and Dubey Hospital",Hospital,Bihar,Nandyal,Network-B,24726.34,30000,0.824,True,False,False
HSP0185,Nigam-Rao Hospital,Hospital,Gujarat,Ozhukarai,Network-B,28729.51,30000,0.958,True,False,False
HSP0186,"Walla, Rai and Nadig Hospital",Hospital,Andhra Pradesh,Hosur,Network-A,34353.17,30000,1.145,False,False,False
HSP0187,Biswas and Sons Hospital,Hospital,Maharashtra,Ambattur,Network-B,27997.13,30000,0.933,True,False,False
HSP0188,"Chana, Saraf and Chaudhari Hospital",Hospital,Uttar Pradesh,Raiganj,Network-C,27124.18,30000,0.904,True,False,False
HSP0189,Mistry Inc Hospital,Hospital,Haryana,Anantapur,Network-B,32199.1,30000,1.073,True,False,False
HSP0190,Memon LLC Hospital,Hospital,Karnataka,Chinsurah,Out-of-Network,24582.83,30000,0.819,True,False,False
HSP0191,Konda PLC Hospital,Hospital,Tamil Nadu,Buxar,Network-A,24568.49,30000,0.819,True,False,False
HSP0192,"Gole, Garde and Gill Hospital",Hospital,Uttarakhand,Phagwara,Network-A,26259.86,30000,0.875,False,False,False
HSP0193,Khosla-Tank Hospital,Hospital,Bihar,Ahmednagar,Network-C,26899.67,30000,0.897,True,False,False
HSP0194,Kumar-Sharaf Hospital,Hospital,Punjab,Bangalore,Network-C,24056.9,30000,0.802,True,False,False
HSP0195,Mani-Dugar Hospital,Hospital,Rajasthan,Mango,Network-A,33275.25,30000,1.109,True,False,False
HSP0196,Mistry-Samra Hospital,Hospital,Haryana,Sirsa,Out-of-Network,29453.49,30000,0.982,True,False,False
HSP0197,Issac-Rajagopalan Hospital,Hospital,West Bengal,Aligarh,Network-B,33757.91,30000,1.125,True,False,False
HSP0198,Raj PLC Hospital,Hospital,Uttar Pradesh,Ramgarh,Network-C,26596.27,30000,0.887,True,False,False
HSP0199,Merchant-Bains Hospital,Hospital,Karnataka,Panipat,Network-A,24358.02,30000,0.812,True,False,False
HSP0200,Bawa PLC Hospital,Hospital,Andhra Pradesh,Baranagar,Network-A,32702.2,30000,1.09,True,False,False
HSP0201,Pandey and Sons Hospital,Hospital,Telangana,Udupi,Network-B,34680.23,30000,1.156,True,False,False
HSP0202,Devan-Chatterjee Hospital,Hospital,Bihar,Tirupati,Network-A,32317.15,30000,1.077,True,False,False
HSP0203,Bandi-Patla Hospital,Hospital,Maharashtra,Mysore,Out-of-Network,24048.09,30000,0.802,False,False,False
HSP0204,Narain-Sagar Hospital,Hospital,West Bengal,Kollam,Network-B,25522.92,30000,0.851,True,False,False
HSP0205,Zacharia LLC Hospital,Hospital,Uttar Pradesh,Dehradun,Network-B,31461.5,30000,1.049,True,False,False
HSP0206,Subramaniam-Merchant Hospital,Hospital,Assam,Raipur,Network-B,27537.06,30000,0.918,True,False,False
HSP0207,Borra-Dhaliwal Hospital,Hospital,Uttar Pradesh,Sikar,Network-A,31148.57,30000,1.038,True,False,False
HSP0208,"Pau, Chana and Rana Hospital",Hospital,Uttar Pradesh,Bilaspur,Network-B,31329.24,30000,1.044,True,False,False
HSP0209,"Dasgupta, Sha and Pillay Hospital",Hospital,Madhya Pradesh,Bhimavaram,Network-C,32709.24,30000,1.09,True,False,False
HSP0210,Prabhu-Chokshi Hospital,Hospital,Uttar Pradesh,Chittoor,Out-of-Network,29031.27,30000,0.968,True,False,False
HSP0211,Narang PLC Hospital,Hospital,Andhra Pradesh,Rajkot,Network-C,30242.76,30000,1.008,True,False,False
HSP0212,"Shetty, Mittal and Rege Hospital",Hospital,Bihar,Kolhapur,Network-C,28740.09,30000,0.958,True,False,False
HSP0213,Barad LLC Hospital,Hospital,Chhattisgarh,Bhiwandi,Out-of-Network,26141.3,30000,0.871,True,False,False
HSP0214,Keer PLC Hospital,Hospital,Uttar Pradesh,Munger,Out-of-Network,26545.77,30000,0.885,True,False,False
HSP0215,Prabhakar-Zachariah Hospital,Hospital,Telangana,Dharmavaram,Network-C,28548.63,30000,0.952,True,False,False
HSP0216,"Dubey, Sachdeva and Chaudhary Hospital",Hospital,Telangana,Tadepalligudem,Network-C,33395.52,30000,1.113,True,False,False
HSP0217,Mammen-Bali Hospital,Hospital,Bihar,Bellary,Out-of-Network,34386.87,30000,1.146,True,False,False
HSP0218,Saxena-Keer Hospital,Hospital,Bihar,Navi Mumbai,Network-A,32923.2,30000,1.097,False,False,False
HSP0219,"Pillai, Parmer and Bhat Hospital",Hospital,West Bengal,Bally,Network-B,32631.75,30000,1.088,True,False,False
HSP0220,Das Group Hospital,Hospital,Madhya Pradesh,Rajpur Sonarpur,Network-B,31304.89,30000,1.043,True,False,False
HSP0221,"Bail, Bedi and Nath Hospital",Hospital,Madhya Pradesh,Cuttack,Network-C,35224.58,30000,1.174,True,False,False
HSP0222,"Jha, Biswas and Johal Hospital",Hospital,Gujarat,Muzaffarpur,Network-B,28729.28,30000,0.958,True,False,False
HSP0223,Divan-Agate Hospital,Hospital,Delhi,Ulhasnagar,Network-C,28073.73,30000,0.936,True,False,False
HSP0224,Zachariah LLC Hospital,Hospital,Haryana,Bhubaneswar,Network-A,33042.05,30000,1.101,True,False,False
HSP0225,"Bal, Deep and Aurora Hospital",Hospital,Jharkhand,Patiala,Network-A,26229.19,30000,0.874,True,False,False
HSP0226,"Naik, Babu and Ghosh Hospital",Hospital,Maharashtra,Faridabad,Network-B,24542.08,30000,0.818,True,False,False
HSP0227,Sama PLC Hospital,Hospital,West Bengal,Rajkot,Network-C,29946.08,30000,0.998,True,False,False
HSP0228,Sen-Pathak Hospital,Hospital,Haryana,Bidhannagar,Network-B,33177.64,30000,1.106,True,False,False
HSP0229,"Kant, Bassi and Verma Hospital",Hospital,Uttar Pradesh,Berhampore,Out-of-Network,35788.4,30000,1.193,True,False,False
HSP0230,"Balasubramanian, Bhat and Srinivas Hospital",Hospital,Bihar,Purnia,Network-A,27653.6,30000,0.922,True,False,False
HSP0231,"Chokshi, Swaminathan and Sawhney Hospital",Hospital,Bihar,Jodhpur,Network-C,31401.07,30000,1.047,True,False,False
HSP0232,Divan-Bhatti Hospital,Hospital,Delhi,Panipat,Network-B,25923.74,30000,0.864,True,False,False
HSP0233,"Nair, Raj and Wali Hospital",Hospital,Punjab,Malda,Network-C,27552.39,30000,0.918,True,False,False
HSP0234,"Sani, Chaudhary and Contractor Hospital",Hospital,Madhya Pradesh,Chinsurah,Network-C,33268.24,30000,1.109,True,False,False
HSP0235,Kari-Sachdev Hospital,Hospital,West Bengal,Malda,Network-A,34753.46,30000,1.158,True,False,False
HSP0236,Sagar-Chandran Hospital,Hospital,Haryana,Purnia,Network-C,26153.9,30000,0.872,True,False,False
HSP0237,Kumer-Prasad Hospital,Hospital,Maharashtra,Bhalswa Jahangir Pur,Network-A,32522.94,30000,1.084,True,False,False
HSP0238,Chand Inc Hospital,Hospital,Uttar Pradesh,Bhiwani,Network-B,30370.2,30000,1.012,True,False,False
HSP0239,Pradhan and Sons Hospital,Hospital,Haryana,Dharmavaram,Network-A,35280.23,30000,1.176,True,False,False
HSP0240,"Narayan, Das and Roy Hospital",Hospital,Uttar Pradesh,Bhusawal,Network-B,29887.29,30000,0.996,True,False,False
HSP0241,"Behl, Mani and Muni Hospital",Hospital,Manipur,Vasai-Virar,Network-B,25581.06,30000,0.853,True,False,False
HSP0242,"Tripathi, Kala and Dubey Hospital",Hospital,West Bengal,Rajahmundry,Network-B,35438.47,30000,1.181,True,False,False
HSP0243,Palla PLC Hospital,Hospital,Odisha,Raipur,Network-A,27038.22,30000,0.901,False,False,False
HSP0244,Kara-Sanghvi Hospital,Hospital,Bihar,Narasaraopet,Out-of-Network,27858.4,30000,0.929,True,False,False
HSP0245,"Loke, Balakrishnan and Gole Hospital",Hospital,Maharashtra,Tirupati,Network-B,30382.63,30000,1.013,True,False,False
HSP0246,Panchal-Ahuja Hospital,Hospital,West Bengal,Asansol,Network-C,32899.38,30000,1.097,True,False,False
HSP0247,"Rattan, Boase and Dhar Hospital",Hospital,Chhattisgarh,Mysore,Out-of-Network,28096.64,30000,0.937,True,False,False
HSP0248,"Wali, Kale and Puri Hospital",Hospital,Karnataka,Malda,Network-C,31472.5,30000,1.049,True,False,False
HSP0249,Dugar-Pingle Hospital,Hospital,Uttar Pradesh,Anantapur,Network-A,35085.4,30000,1.17,True,False,False
HSP0250,"Chad, Ben and Dugal Hospital",Hospital,Rajasthan,Tadipatri,Network-A,35920.42,30000,1.197,True,False,False
HSP0251,Bumb LLC Hospital,Hospital,Assam,Khandwa,Network-B,25548.36,30000,0.852,True,False,False
HSP0252,Sathe-Sachdeva Hospital,Hospital,Rajasthan,Thrissur,Network-B,35062.23,30000,1.169,True,False,False
HSP0253,"Comar, Pai and Sani Hospital",Hospital,Telangana,Anantapuram,Network-B,31919.42,30000,1.064,True,False,False
HSP0254,"Sur, Vyas and Morar Hospital",Hospital,Maharashtra,Muzaffarnagar,Out-of-Network,28112.56,30000,0.937,True,False,False
HSP0255,Bhakta-Amble Hospital,Hospital,Tamil Nadu,Barasat,Network-C,24483.04,30000,0.816,True,False,False
HSP0256,Devan LLC Hospital,Hospital,Uttar Pradesh,Khammam,Network-C,35901.69,30000,1.197,True,False,False
HSP0257,Amble Group Hospital,Hospital,Tamil Nadu,Akola,Network-B,35370.43,30000,1.179,True,False,False
HSP0258,Rai PLC Hospital,Hospital,Telangana,Orai,Network-B,30741.83,30000,1.025,True,False,False
HSP0259,"Pandya, Bora and Ranganathan Hospital",Hospital,Maharashtra,Junagadh,Out-of-Network,29031.61,30000,0.968,True,False,False
HSP0260,Sharaf Inc Hospital,Hospital,Karnataka,Ramgarh,Network-B,29280.6,30000,0.976,True,False,False
HSP0261,Ravel-Sahni Hospital,Hospital,Bihar,Raipur,Network-C,31866.21,30000,1.062,True,False,False
HSP0262,Bail-Nair Hospital,Hospital,Andhra Pradesh,Tadipatri,Network-B,26373.72,30000,0.879,True,False,False
HSP0263,Pathak-Chakrabarti Hospital,Hospital,Uttar Pradesh,Aligarh,Network-A,32014.19,30000,1.067,True,False,False
HSP0264,Sarin PLC Hospital,Hospital,Himachal Pradesh,Loni,Network-A,27402.25,30000,0.913,True,False,False
HSP0265,Randhawa LLC Hospital,Hospital,Uttar Pradesh,Korba,Network-A,30504.95,30000,1.017,True,False,False
HSP0266,Ganguly-Bose Hospital,Hospital,West Bengal,Bettiah,Network-C,27061.28,30000,0.902,True,False,False
HSP0267,"Hari, Palla and Panchal Hospital",Hospital,Karnataka,Noida,Out-of-Network,28796.11,30000,0.96,True,False,False
HSP0268,Dhingra LLC Hospital,Hospital,Andhra Pradesh,Malegaon,Network-B,34501.29,30000,1.15,True,False,False
HSP0269,"Dua, Borra and Goel Hospital",Hospital,Maharashtra,Madhyamgram,Out-of-Network,34247.81,30000,1.142,True,False,False
HSP0270,"Sen, Naidu and Mutti Hospital",Hospital,Odisha,Gandhidham,Network-B,31586.43,30000,1.053,True,False,False
HSP0271,Singh Group Hospital,Hospital,Haryana,Panipat,Out-of-Network,35086.49,30000,1.17,True,False,False
HSP0272,"Bhalla, Pandey and Tripathi Hospital",Hospital,West Bengal,Tirupati,Network-C,33176.01,30000,1.106,True,False,False
HSP0273,Seth-Barad Hospital,Hospital,Maharashtra,Arrah,Network-B,26882.72,30000,0.896,True,False,False
HSP0274,Bose-Chana Hospital,Hospital,Jharkhand,Surendranagar Dudhrej,Network-B,31031.54,30000,1.034,True,False,False
HSP0275,"Barman, Sengupta and Guha Hospital",Hospital,Gujarat,Mahbubnagar,Network-C,34326.84,30000,1.144,True,False,False
HSP0276,Thaker-Dora Hospital,Hospital,Andhra Pradesh,Hospet,Network-B,33570.13,30000,1.119,True,False,False
HSP0277,Oza Ltd Hospital,Hospital,Bihar,Dibrugarh,Network-C,25388.45,30000,0.846,True,False,False
HSP0278,"Gera, Baral and Kota Hospital",Hospital,West Bengal,Bahraich,Network-A,25847.56,30000,0.862,True,False,False
HSP0279,"Virk, Dutt and Patla Hospital",Hospital,Rajasthan,Ichalkaranji,Out-of-Network,35769.85,30000,1.192,True,False,False
HSP0280,Rege-Nigam Hospital,Hospital,Bihar,Thanjavur,Network-C,27247.59,30000,0.908,True,False,False
HSP0281,Narayan Inc Hospital,Hospital,Tamil Nadu,Anantapuram,Network-A,33990.35,30000,1.133,True,False,False
HSP0282,Doctor-Nath Hospital,Hospital,Madhya Pradesh,Ballia,Network-B,30009.19,30000,1.0,True,False,False
HSP0283,"Dhaliwal, Palla and Mukherjee Hospital",Hospital,Rajasthan,Bikaner,Out-of-Network,35993.06,30000,1.2,True,False,False
HSP0284,"Chad, Mukherjee and Puri Hospital",Hospital,Bihar,Warangal,Network-C,35719.97,30000,1.191,True,False,False
HSP0285,"Vyas, Chander and Sampath Hospital",Hospital,Maharashtra,Surat,Network-B,24617.03,30000,0.821,True,False,False
HSP0286,More-Gole Hospital,Hospital,Kerala,Mau,Network-C,33985.44,30000,1.133,True,False,False
HSP0287,Handa-Kara Hospital,Hospital,Madhya Pradesh,Bhatpara,Network-B,32985.85,30000,1.1,True,False,False
HSP0288,Merchant Inc Hospital,Hospital,Maharashtra,Naihati,Network-C,25726.9,30000,0.858,True,False,False
HSP0289,"Deep, Puri and Dube Hospital",Hospital,Bihar,Bokaro,Network-A,30406.08,30000,1.014,True,False,False
HSP0290,"Gandhi, Sarma and Bassi Hospital",Hospital,Assam,Bharatpur,Network-A,29235.8,30000,0.975,True,False,False
HSP0291,"Khanna, Sawhney and Mane Hospital",Hospital,Andhra Pradesh,Muzaffarpur,Network-C,33877.53,30000,1.129,True,False,False
HSP0292,"Khare, More and Singh Hospital",Hospital,Chhattisgarh,Arrah,Network-C,33877.5,30000,1.129,True,False,False
HSP0293,"Sastry, Shenoy and Manda Hospital",Hospital,Uttar Pradesh,Ambala,Network-A,28733.78,30000,0.958,True,False,False
HSP0294,"Sahota, Edwin and Iyengar Hospital",Hospital,Haryana,Chandrapur,Network-C,30050.14,30000,1.002,True,False,False
HSP0295,Srivastava LLC Hospital,Hospital,Maharashtra,Hazaribagh,Network-B,26630.27,30000,0.888,True,False,False
HSP0296,Mane Inc Hospital,Hospital,Telangana,Darbhanga,Network-A,25031.79,30000,0.834,True,False,False
HSP0297,Varghese-Din Hospital,Hospital,Delhi,Mysore,Network-C,28782.08,30000,0.959,True,False,False
HSP0298,Seshadri LLC Hospital,Hospital,Bihar,Vijayanagaram,Network-C,29384.75,30000,0.979,True,False,False
HSP0299,Randhawa PLC Hospital,Hospital,Uttar Pradesh,Noida,Out-of-Network,34474.31,30000,1.149,True,False,False
HSP0300,Bumb-Prasad Hospital,Hospital,Gujarat,Bhopal,Network-C,27469.0,30000,0.916,True,False,False
HSP0301,Chaudhary-Nayak Hospital,Hospital,Odisha,Durgapur,Network-B,33942.56,30000,1.131,True,False,False
HSP0302,Mangat Group Hospital,Hospital,Andhra Pradesh,Nandyal,Network-A,31218.7,30000,1.041,True,False,False
HSP0303,Ahluwalia-Buch Hospital,Hospital,Haryana,Bardhaman,Network-B,33094.92,30000,1.103,True,False,False
HSP0304,Doctor PLC Hospital,Hospital,Odisha,Bhubaneswar,Network-B,27248.36,30000,0.908,True,False,False
HSP0305,Khanna-Mitra Hospital,Hospital,Karnataka,Nashik,Network-B,32119.83,30000,1.071,True,False,False
HSP0306,Saini Ltd Hospital,Hospital,Andhra Pradesh,Rajkot,Network-A,34734.14,30000,1.158,True,False,False
HSP0307,Tata PLC Hospital,Hospital,Delhi,Kottayam,Network-C,29639.47,30000,0.988,True,False,False
HSP0308,"Khurana, Dhawan and Manne Hospital",Hospital,West Bengal,Mumbai,Network-A,26582.14,30000,0.886,True,False,False
HSP0309,"Pandit, Khosla and Saha Hospital",Hospital,Gujarat,Guwahati,Network-C,26569.11,30000,0.886,True,False,False
HSP0310,"Patel, Bir and Vora Hospital",Hospital,Gujarat,Pali,Network-B,26113.66,30000,0.87,True,False,False
HSP0311,Bassi-Ram Hospital,Hospital,Uttar Pradesh,Nizamabad,Network-B,28329.1,30000,0.944,True,False,False
HSP0312,"Babu, Parikh and Bir Hospital",Hospital,Kerala,New Delhi,Network-B,31325.82,30000,1.044,True,False,False
HSP0313,"Chawla, Natarajan and Deol Hospital",Hospital,Uttar Pradesh,Nagercoil,Out-of-Network,25197.97,30000,0.84,True,False,False
HSP0314,"Nigam, Gill and Shetty Hospital",Hospital,Bihar,South Dumdum,Network-C,25463.63,30000,0.849,True,False,False
HSP0315,Bhatnagar Ltd Hospital,Hospital,Telangana,Vadodara,Network-C,30312.73,30000,1.01,True,False,False
HSP0316,Jaggi-Bassi Hospital,Hospital,Assam,Kalyan-Dombivli,Network-B,27887.24,30000,0.93,True,False,False
HSP0317,Mukherjee-Varma Hospital,Hospital,Punjab,Tinsukia,Network-C,26044.09,30000,0.868,True,False,False
HSP0318,Kulkarni-Bansal Hospital,Hospital,Maharashtra,Baranagar,Network-B,35650.62,30000,1.188,True,False,False
HSP0319,Batta-Narula Hospital,Hospital,Madhya Pradesh,Amravati,Network-B,25536.63,30000,0.851,True,False,False
HSP0320,Sarkar-Ratta Hospital,Hospital,Gujarat,Kharagpur,Network-A,34393.74,30000,1.146,True,False,False
HSP0321,Grover-Taneja Hospital,Hospital,Kerala,Arrah,Network-B,29178.23,30000,0.973,True,False,False
HSP0322,"Loke, Butala and Samra Hospital",Hospital,West Bengal,Chinsurah,Out-of-Network,28697.9,30000,0.957,True,False,False
HSP0323,"Gole, Memon and Nagi Hospital",Hospital,Maharashtra,Vijayawada,Network-B,29541.81,30000,0.985,True,False,False
HSP0324,Merchant-Mohan Hospital,Hospital,Odisha,Madanapalle,Network-B,28148.77,30000,0.938,True,False,False
HSP0325,"Sandhu, Ganesan and Sawhney Hospital",Hospital,Bihar,Amroha,Network-A,32677.37,30000,1.089,True,False,False
HSP0326,Pandit PLC Hospital,Hospital,Gujarat,Panipat,Network-B,33066.47,30000,1.102,True,False,False
HSP0327,"Bhandari, Borde and Ravi Hospital",Hospital,Uttar Pradesh,Anand,Out-of-Network,31168.73,30000,1.039,True,False,False
HSP0328,"Dutta, Balasubramanian and Dhar Hospital",Hospital,Assam,Visakhapatnam,Out-of-Network,28709.82,30000,0.957,True,False,False
HSP0329,Bhavsar and Sons Hospital,Hospital,Punjab,Mirzapur,Network-A,24462.5,30000,0.815,True,False,False
HSP0330,Bali-Dube Hospital,Hospital,Odisha,Uluberia,Network-A,32921.52,30000,1.097,True,False,False
HSP0331,Sawhney-Bose Hospital,Hospital,Maharashtra,Bettiah,Network-B,24065.68,30000,0.802,True,False,False
HSP0332,Rao-Murthy Hospital,Hospital,Karnataka,Kulti,Network-C,28476.73,30000,0.949,True,False,False
HSP0333,Bal Ltd Hospital,Hospital,Himachal Pradesh,Panchkula,Network-A,33298.89,30000,1.11,True,False,False
HSP0334,"Ram, Dalal and Lala Hospital",Hospital,Manipur,Amroha,Out-of-Network,35562.96,30000,1.185,True,False,False
HSP0335,Mangal Ltd Hospital,Hospital,Delhi,Kollam,Network-B,34537.77,30000,1.151,True,False,False
HSP0336,Deshmukh Inc Hospital,Hospital,Bihar,Malegaon,Network-C,29781.16,30000,0.993,True,False,False
HSP0337,"Saxena, Chahal and Nagarajan Hospital",Hospital,West Bengal,Amritsar,Network-C,29099.75,30000,0.97,True,False,False
HSP0338,"Mannan, Mital and Dugar Hospital",Hospital,Madhya Pradesh,Mirzapur,Network-A,33537.01,30000,1.118,True,False,False
HSP0339,"Kapur, Dara and Iyer Hospital",Hospital,Jharkhand,Patiala,Network-B,34492.01,30000,1.15,False,False,False
HSP0340,Bal-Patel Hospital,Hospital,Maharashtra,Bhind,Network-B,32281.52,30000,1.076,True,False,False
HSP0341,"Dayal, Chadha and Bhatti Hospital",Hospital,Tamil Nadu,Sikar,Network-B,31424.58,30000,1.047,False,False,False
HSP0342,"Srinivas, Vora and Roy Hospital",Hospital,Maharashtra,Ramgarh,Network-B,26571.92,30000,0.886,True,False,False
HSP0343,Dass LLC Hospital,Hospital,Delhi,Hospet,Network-B,25161.72,30000,0.839,True,False,False
HSP0344,Varughese-Padmanabhan Hospital,Hospital,Madhya Pradesh,Suryapet,Network-C,35693.01,30000,1.19,True,False,False
HSP0345,"Gopal, Dayal and Sant Hospital",Hospital,Rajasthan,Amravati,Network-C,31610.81,30000,1.054,True,False,False
HSP0346,"Dua, Modi and Gala Hospital",Hospital,Maharashtra,North Dumdum,Network-A,30415.21,30000,1.014,True,False,False
HSP0347,"Kar, Pal and Venkataraman Hospital",Hospital,West Bengal,Vijayawada,Network-A,32469.56,30000,1.082,True,False,False
HSP0348,Hegde-Maharaj Hospital,Hospital,Uttar Pradesh,Avadi,Network-A,35230.49,30000,1.174,True,False,False
HSP0349,"Walla, Chander and Thakkar Hospital",Hospital,Bihar,Guntakal,Network-A,34016.49,30000,1.134,True,False,False
HSP0350,"Dube, Garg and Nazareth Hospital",Hospital,Manipur,Bhopal,Out-of-Network,30809.38,30000,1.027,True,False,False
HSP0351,Bath Ltd Hospital,Hospital,Maharashtra,Bhagalpur,Network-A,35625.03,30000,1.188,True,False,False
HSP0352,"Saha, Balasubramanian and Tank Hospital",Hospital,Delhi,Barasat,Network-B,35572.48,30000,1.186,True,False,False
HSP0353,Konda-Ravi Hospital,Hospital,Uttar Pradesh,Malda,Network-C,33960.23,30000,1.132,True,False,False
HSP0354,Bhasin and Sons Hospital,Hospital,Uttar Pradesh,Vijayanagaram,Out-of-Network,25523.22,30000,0.851,True,False,False
HSP0355,Shetty-Jani Hospital,Hospital,Odisha,Medininagar,Network-B,34787.06,30000,1.16,True,False,False
HSP0356,Munshi Ltd Hospital,Hospital,Tamil Nadu,Hapur,Network-B,29476.85,30000,0.983,True,False,False
HSP0357,De-Prabhakar Hospital,Hospital,Kerala,Imphal,Network-B,25077.04,30000,0.836,True,False,False
HSP0358,Shukla Inc Hospital,Hospital,Uttar Pradesh,Hospet,Network-B,35168.21,30000,1.172,True,False,False
HSP0359,Dhaliwal Inc Hospital,Hospital,Andhra Pradesh,Ramagundam,Network-A,26469.84,30000,0.882,True,False,False
HSP0360,Sahota-Kothari Hospital,Hospital,Gujarat,Khammam,Network-B,35234.12,30000,1.174,True,False,False
HSP0361,"Munshi, Gupta and Dutta Hospital",Hospital,Gujarat,Kottayam,Network-A,25843.22,30000,0.861,True,False,False
HSP0362,Tara-Morar Hospital,Hospital,Gujarat,Lucknow,Network-B,34949.39,30000,1.165,True,False,False
HSP0363,Ramaswamy PLC Hospital,Hospital,Rajasthan,New Delhi,Network-A,33607.0,30000,1.12,True,False,False
HSP0364,Pandit Inc Hospital,Hospital,Uttar Pradesh,Ichalkaranji,Out-of-Network,28174.81,30000,0.939,True,False,False
HSP0365,Singhal-Mangal Hospital,Hospital,Gujarat,Moradabad,Network-B,35348.32,30000,1.178,True,False,False
HSP0366,Desai-Lalla Hospital,Hospital,Uttar Pradesh,Sambhal,Network-B,26193.71,30000,0.873,True,False,False
HSP0367,Bath-Rattan Hospital,Hospital,Rajasthan,Jehanabad,Network-C,29217.12,30000,0.974,True,False,False
HSP0368,"Hayer, Patil and Mani Hospital",Hospital,Telangana,Kharagpur,Network-A,35240.04,30000,1.175,True,False,False
HSP0369,"Seshadri, Mammen and Dani Hospital",Hospital,Bihar,Jalandhar,Network-B,30234.6,30000,1.008,True,False,False
HSP0370,Prakash-Nori Hospital,Hospital,Maharashtra,Asansol,Out-of-Network,29835.37,30000,0.995,True,False,False
HSP0371,Upadhyay Group Hospital,Hospital,Madhya Pradesh,Ranchi,Network-A,31115.48,30000,1.037,True,False,False
HSP0372,Devan Ltd Hospital,Hospital,Rajasthan,Bhalswa Jahangir Pur,Network-A,35776.65,30000,1.193,True,False,False
HSP0373,"Shan, Dixit and Varma Hospital",Hospital,Uttar Pradesh,Khammam,Network-B,24723.97,30000,0.824,True,False,False
HSP0374,"Nagar, Gaba and Ramaswamy Hospital",Hospital,Rajasthan,Guntakal,Network-C,29138.04,30000,0.971,True,False,False
HSP0375,Tripathi-Upadhyay Hospital,Hospital,Uttar Pradesh,Phusro,Network-C,28172.08,30000,0.939,True,False,False
HSP0376,Soman-Badal Hospital,Hospital,Tamil Nadu,Bathinda,Out-of-Network,28450.95,30000,0.948,True,False,False
HSP0377,"Choudhary, Saha and Morar Hospital",Hospital,Uttar Pradesh,Kavali,Network-B,32838.88,30000,1.095,True,False,False
HSP0378,Lanka-Kari Hospital,Hospital,Gujarat,Ballia,Network-C,25573.86,30000,0.852,True,False,False
HSP0379,Garde-Viswanathan Hospital,Hospital,Rajasthan,Siliguri,Network-C,34736.25,30000,1.158,True,False,False
HSP0380,"Kibe, Balay and Choudhary Hospital",Hospital,Bihar,Surat,Out-of-Network,25853.08,30000,0.862,True,False,False
HSP0381,Murthy-Sahota Hospital,Hospital,Jharkhand,Haridwar,Network-B,34593.91,30000,1.153,True,False,False
HSP0382,"Jani, Roy and Thaker Hospital",Hospital,Tamil Nadu,Ghaziabad,Network-A,28292.19,30000,0.943,True,False,False
HSP0383,"Devi, Venkataraman and Johal Hospital",Hospital,Chhattisgarh,Morena,Network-B,27700.0,30000,0.923,True,False,False
HSP0384,"Puri, Murthy and Ghose Hospital",Hospital,Odisha,Katihar,Network-C,24839.18,30000,0.828,True,False,False
HSP0385,Pandya-Lalla Hospital,Hospital,Uttar Pradesh,Nellore,Network-C,33780.88,30000,1.126,True,False,False
HSP0386,Mallick PLC Hospital,Hospital,Uttar Pradesh,Kamarhati,Network-A,28329.73,30000,0.944,True,False,False
HSP0387,Mani-Johal Hospital,Hospital,Maharashtra,Ratlam,Network-B,26891.13,30000,0.896,True,False,False
HSP0388,Palla-Mahal Hospital,Hospital,Karnataka,Bhilai,Network-B,25570.68,30000,0.852,True,False,False
HSP0389,"Raghavan, Rana and Pai Hospital",Hospital,Karnataka,Ramagundam,Network-B,26831.97,30000,0.894,True,False,False
HSP0390,Mani Ltd Hospital,Hospital,West Bengal,Sri Ganganagar,Network-B,31715.98,30000,1.057,True,False,False
HSP0391,Kunda-Srinivas Hospital,Hospital,West Bengal,Panihati,Network-C,34677.35,30000,1.156,True,False,False
HSP0392,"Madan, Magar and Devan Hospital",Hospital,Uttar Pradesh,Tadepalligudem,Network-B,24973.85,30000,0.832,False,False,False
HSP0393,"Khatri, Kibe and Bedi Hospital",Hospital,Maharashtra,Muzaffarpur,Network-B,28888.35,30000,0.963,True,False,False
HSP0394,Chaudhry Group Hospital,Hospital,Odisha,Chittoor,Network-C,25303.89,30000,0.843,True,False,False
HSP0395,Devan Inc Hospital,Hospital,Uttar Pradesh,Vellore,Network-C,35937.89,30000,1.198,True,False,False
HSP0396,"Soni, Sood and Iyengar Hospital",Hospital,Uttar Pradesh,Pondicherry,Network-B,28819.94,30000,0.961,True,False,False
HSP0397,Bhargava-Chakraborty Hospital,Hospital,Rajasthan,Deoghar,Out-of-Network,28135.69,30000,0.938,True,False,False
HSP0398,"Barad, Gill and Sahni Hospital",Hospital,Jharkhand,Vadodara,Network-A,26342.23,30000,0.878,True,False,False
HSP0399,Tandon-Grewal Hospital,Hospital,West Bengal,Agra,Network-B,34009.45,30000,1.134,True,False,False
HSP0400,Misra PLC Hospital,Hospital,Gujarat,Thanjavur,Network-A,33743.86,30000,1.125,True,False,False
HSP0401,Sha-Viswanathan Hospital,Hospital,Uttarakhand,Guntur,Network-A,32132.5,30000,1.071,True,False,False
HSP0402,"Sidhu, Mahajan and Hans Hospital",Hospital,Gujarat,Bathinda,Network-B,35574.23,30000,1.186,True,False,False
HSP0403,Shanker Ltd Hospital,Hospital,Madhya Pradesh,Gaya,Network-B,27036.42,30000,0.901,True,False,False
HSP0404,Nazareth LLC Hospital,Hospital,Uttar Pradesh,Akola,Network-B,34021.51,30000,1.134,True,False,False
HSP0405,"Ravi, Sane and Varma Hospital",Hospital,Andhra Pradesh,Chandigarh,Network-B,35928.93,30000,1.198,False,False,False
HSP0406,Chandran-Goyal Hospital,Hospital,Gujarat,Morena,Network-B,33719.29,30000,1.124,True,False,False
HSP0407,Kothari-Ahuja Hospital,Hospital,Madhya Pradesh,Yamunanagar,Network-C,28458.52,30000,0.949,True,False,False
HSP0408,Sekhon LLC Hospital,Hospital,Gujarat,Barasat,Network-B,29753.0,30000,0.992,True,False,False
HSP0409,"Apte, Lal and Parsa Hospital",Hospital,Rajasthan,Ghaziabad,Network-C,35795.85,30000,1.193,True,False,False
HSP0410,"Dani, Shroff and Mohanty Hospital",Hospital,Madhya Pradesh,Machilipatnam,Out-of-Network,26950.51,30000,0.898,True,False,False
HSP0411,"Thakkar, Mukhopadhyay and Dalal Hospital",Hospital,Telangana,Arrah,Network-A,29618.78,30000,0.987,True,False,False
HSP0412,"Kant, Kanda and Deol Hospital",Hospital,Delhi,Jamnagar,Network-B,27473.16,30000,0.916,True,False,False
HSP0413,Prakash-Sagar Hospital,Hospital,Uttar Pradesh,Siwan,Network-C,27192.37,30000,0.906,True,False,False
HSP0414,"Kamdar, Kota and Bumb Hospital",Hospital,Haryana,Dehri,Network-A,35325.58,30000,1.178,True,False,False
HSP0415,"Pathak, Brahmbhatt and Choudhury Hospital",Hospital,Gujarat,Motihari,Network-C,28790.34,30000,0.96,False,False,False
HSP0416,"Jain, Yadav and Doctor Hospital",Hospital,Delhi,Khammam,Network-C,33394.86,30000,1.113,True,False,False
HSP0417,"Sathe, Dada and Jha Hospital",Hospital,Uttarakhand,Mysore,Network-C,34180.57,30000,1.139,True,False,False
HSP0418,"Sehgal, Bhakta and Setty Hospital",Hospital,Assam,Anand,Network-C,27669.6,30000,0.922,True,False,False
HSP0419,Shan-Bhardwaj Hospital,Hospital,Uttar Pradesh,Aizawl,Network-A,33370.06,30000,1.112,True,False,False
HSP0420,"Bains, Randhawa and Kumar Hospital",Hospital,Telangana,Bellary,Network-B,34520.14,30000,1.151,True,False,False
HSP0421,"Bora, Bath and Sampath Hospital",Hospital,Telangana,Rajkot,Network-C,32992.23,30000,1.1,True,False,False
HSP0422,"Bhasin, Biswas and Sodhi Hospital",Hospital,Bihar,Baranagar,Network-A,30034.5,30000,1.001,True,False,False
HSP0423,Gole-Deshmukh Hospital,Hospital,Punjab,Dindigul,Network-B,33442.7,30000,1.115,True,False,False
HSP0424,Sen-Purohit Hospital,Hospital,Haryana,Jodhpur,Network-C,32135.66,30000,1.071,True,False,False
HSP0425,"Zacharia, Deol and Pall Hospital",Hospital,Delhi,Mangalore,Network-C,35527.52,30000,1.184,True,False,False
HSP0426,"Ramaswamy, Wadhwa and Datta Hospital",Hospital,Uttarakhand,Delhi,Out-of-Network,28224.61,30000,0.941,True,False,False
HSP0427,Misra Group Hospital,Hospital,Maharashtra,Katihar,Out-of-Network,25125.69,30000,0.838,True,False,False
HSP0428,Karpe-Kota Hospital,Hospital,Uttar Pradesh,Sri Ganganagar,Network-B,33453.51,30000,1.115,True,False,False
HSP0429,Majumdar and Sons Hospital,Hospital,West Bengal,Patna,Network-C,27615.84,30000,0.921,True,False,False
HSP0430,"Saini, Babu and Khosla Hospital",Hospital,Karnataka,Jabalpur,Network-C,31901.77,30000,1.063,True,False,False
HSP0431,Bandi Group Hospital,Hospital,Andhra Pradesh,Sambalpur,Network-A,32543.01,30000,1.085,True,False,False
HSP0432,"Basu, Ratti and Sarna Hospital",Hospital,Maharashtra,Panvel,Network-A,28179.31,30000,0.939,True,False,False
HSP0433,Bhalla and Sons Hospital,Hospital,Andhra Pradesh,Muzaffarpur,Network-B,35341.78,30000,1.178,True,False,False
HSP0434,"Nagar, Nagi and Khalsa Hospital",Hospital,Telangana,Asansol,Network-B,34399.31,30000,1.147,True,False,False
HSP0435,"Verma, Kant and Sachdev Hospital",Hospital,Uttar Pradesh,Panipat,Network-A,30375.51,30000,1.013,True,False,False
HSP0436,Gill Ltd Hospital,Hospital,Haryana,Miryalaguda,Network-A,24326.19,30000,0.811,True,False,False
HSP0437,Batta-Padmanabhan Hospital,Hospital,Tamil Nadu,Loni,Network-C,32927.94,30000,1.098,True,False,False
HSP0438,Saha-Rege Hospital,Hospital,Maharashtra,Dewas,Network-B,31685.27,30000,1.056,True,False,False
HSP0439,Gour-Yogi Hospital,Hospital,Uttar Pradesh,New Delhi,Network-C,28194.76,30000,0.94,True,False,False
HSP0440,Mital Ltd Hospital,Hospital,Chhattisgarh,Madhyamgram,Out-of-Network,34834.71,30000,1.161,True,False,False
HSP0441,Sachar Group Hospital,Hospital,Karnataka,Munger,Network-A,26541.27,30000,0.885,True,False,False
HSP0442,Kumer and Sons Hospital,Hospital,Bihar,Vijayawada,Network-A,35877.88,30000,1.196,True,False,False
HSP0443,Prabhakar-Chanda Hospital,Hospital,Bihar,Faridabad,Network-C,30962.88,30000,1.032,True,False,False
HSP0444,Purohit-Baral Hospital,Hospital,Rajasthan,Maheshtala,Network-C,31661.61,30000,1.055,True,False,False
HSP0445,"Kalla, Srinivas and Joshi Hospital",Hospital,Tamil Nadu,Avadi,Network-B,28152.77,30000,0.938,True,False,False
HSP0446,Kakar and Sons Hospital,Hospital,Delhi,Nangloi Jat,Network-C,27128.45,30000,0.904,True,False,False
HSP0447,Jayaraman Group Hospital,Hospital,Haryana,Suryapet,Network-C,27962.42,30000,0.932,True,False,False
HSP0448,Mandal-Rai Hospital,Hospital,Uttar Pradesh,Deoghar,Network-A,33180.29,30000,1.106,True,False,False
HSP0449,"Parmer, Morar and Lal Hospital",Hospital,Gujarat,Anand,Network-C,34917.56,30000,1.164,True,False,False
HSP0450,Shukla-Chaudhari Hospital,Hospital,Odisha,Imphal,Network-B,30651.43,30000,1.022,True,False,False
HSP0451,Prabhakar LLC Hospital,Hospital,Rajasthan,Ranchi,Network-C,25620.96,30000,0.854,True,False,False
HSP0452,"Kant, Dhingra and Babu Hospital",Hospital,Tamil Nadu,Begusarai,Network-C,24888.85,30000,0.83,True,False,False
HSP0453,"Sahni, Merchant and Dua Hospital",Hospital,Madhya Pradesh,Ozhukarai,Network-A,26668.42,30000,0.889,True,False,False
HSP0454,Raghavan PLC Hospital,Hospital,Telangana,Panchkula,Network-A,33957.0,30000,1.132,True,False,False
HSP0455,"Nazareth, Kurian and Suresh Hospital",Hospital,Uttar Pradesh,Jaunpur,Network-B,29990.33,30000,1.0,True,False,False
HSP0456,Pandey and Sons Hospital,Hospital,West Bengal,Bongaigaon,Network-B,30343.89,30000,1.011,True,False,False
HSP0457,Gour-Bhargava Hospital,Hospital,Telangana,Aurangabad,Network-A,30188.25,30000,1.006,True,False,False
HSP0458,"Bava, Ahuja and Sachar Hospital",Hospital,Uttarakhand,Ahmednagar,Network-B,29619.85,30000,0.987,True,False,False
HSP0459,Dora Inc Hospital,Hospital,Maharashtra,Dibrugarh,Network-A,26602.99,30000,0.887,True,False,False
HSP0460,Prakash-Bhasin Hospital,Hospital,Andhra Pradesh,Morbi,Network-B,33230.91,30000,1.108,True,False,False
HSP0461,Ahuja PLC Hospital,Hospital,Andhra Pradesh,Ahmedabad,Network-B,25851.4,30000,0.862,True,False,False
HSP0462,Wagle Ltd Hospital,Hospital,Delhi,Jorhat,Network-C,27914.86,30000,0.93,True,False,False
HSP0463,Badal-Thakkar Hospital,Hospital,Madhya Pradesh,Mangalore,Network-C,26768.15,30000,0.892,True,False,False
HSP0464,Char PLC Hospital,Hospital,Maharashtra,New Delhi,Network-C,34196.76,30000,1.14,True,False,False
HSP0465,Vyas LLC Hospital,Hospital,Gujarat,Shimoga,Network-B,27005.2,30000,0.9,True,False,False
HSP0466,Brar-Prakash Hospital,Hospital,Punjab,Jaunpur,Out-of-Network,35883.34,30000,1.196,True,False,False
HSP0467,"Kohli, Kara and Mital Hospital",Hospital,Rajasthan,Patna,Network-C,35195.2,30000,1.173,True,False,False
HSP0468,Ravi Group Hospital,Hospital,Maharashtra,Suryapet,Network-C,27638.42,30000,0.921,True,False,False
HSP0469,Bhalla-Andra Hospital,Hospital,West Bengal,Gwalior,Out-of-Network,34873.28,30000,1.162,True,False,False
HSP0470,Saraf-Narula Hospital,Hospital,Himachal Pradesh,Dehri,Network-B,30567.39,30000,1.019,True,False,False
HSP0471,Karpe and Sons Hospital,Hospital,Maharashtra,Gopalpur,Network-C,28899.88,30000,0.963,True,False,False
HSP0472,Borde Ltd Hospital,Hospital,Karnataka,Tinsukia,Network-B,25526.71,30000,0.851,True,False,False
HSP0473,"Bali, Gola and Murty Hospital",Hospital,Uttar Pradesh,Dhule,Network-B,26734.41,30000,0.891,True,False,False
HSP0474,"Dhawan, Rao and Bose Hospital",Hospital,Odisha,Ujjain,Network-A,27796.34,30000,0.927,True,False,False
HSP0475,"Khosla, Ramachandran and Zachariah Hospital",Hospital,Rajasthan,Yamunanagar,Network-B,24779.36,30000,0.826,True,False,False
HSP0476,"Dey, Brar and Tella Hospital",Hospital,Punjab,Meerut,Network-A,34185.51,30000,1.14,True,False,False
HSP0477,Sarkar and Sons Hospital,Hospital,Rajasthan,Mau,Network-B,29314.22,30000,0.977,True,False,False
HSP0478,"Ranganathan, Narain and Balan Hospital",Hospital,Uttar Pradesh,Hospet,Network-C,24132.2,30000,0.804,True,False,False
HSP0479,Kari-Parekh Hospital,Hospital,Uttar Pradesh,Bhiwani,Network-B,25800.47,30000,0.86,True,False,False
HSP0480,Rai Inc Hospital,Hospital,Tamil Nadu,Shahjahanpur,Network-C,31193.12,30000,1.04,True,False,False
HSP0481,"Borah, Butala and Loyal Hospital",Hospital,Maharashtra,Nadiad,Network-B,29726.79,30000,0.991,True,False,False
HSP0482,"Dube, Ramachandran and Nadig Hospital",Hospital,Gujarat,Aligarh,Network-A,28226.55,30000,0.941,True,False,False
HSP0483,Ahluwalia LLC Hospital,Hospital,Andhra Pradesh,Karimnagar,Network-B,31728.11,30000,1.058,True,False,False
HSP0484,Chaudry-Deo Hospital,Hospital,Uttar Pradesh,Gaya,Network-C,32540.47,30000,1.085,True,False,False
HSP0485,Sen-Vala Hospital,Hospital,Maharashtra,Kota,Network-C,26946.79,30000,0.898,False,False,False
HSP0486,Chakraborty LLC Hospital,Hospital,Gujarat,Kavali,Network-B,28967.16,30000,0.966,True,False,False
HSP0487,"Nair, Rajan and Arora Hospital",Hospital,Uttar Pradesh,Haridwar,Out-of-Network,26416.18,30000,0.881,True,False,False
HSP0488,Chad-Kibe Hospital,Hospital,Andhra Pradesh,Nadiad,Out-of-Network,35423.15,30000,1.181,False,False,False
HSP0489,Dewan LLC Hospital,Hospital,Uttar Pradesh,Agartala,Out-of-Network,34870.83,30000,1.162,True,False,False
HSP0490,Dhingra-Bhatnagar Hospital,Hospital,Odisha,Raebareli,Network-A,34197.47,30000,1.14,True,False,False
HSP0491,Sama-Mistry Hospital,Hospital,Rajasthan,Solapur,Network-B,30862.1,30000,1.029,True,False,False
HSP0492,Krishnamurthy-Koshy Hospital,Hospital,Telangana,Hindupur,Network-A,32757.37,30000,1.092,True,False,False
HSP0493,"Hayre, Shankar and Chhabra Hospital",Hospital,Maharashtra,Avadi,Network-B,27746.57,30000,0.925,True,False,False
HSP0494,Randhawa LLC Hospital,Hospital,Telangana,Ozhukarai,Network-B,26097.69,30000,0.87,True,False,False
HSP0495,Natt-Sani Hospital,Hospital,Maharashtra,Dewas,Out-of-Network,32809.76,30000,1.094,True,False,False
HSP0496,Iyer-Srinivas Hospital,Hospital,Uttar Pradesh,Belgaum,Network-B,34220.67,30000,1.141,True,False,False
HSP0497,Nagar-Manne Hospital,Hospital,Rajasthan,Ramgarh,Out-of-Network,27094.73,30000,0.903,True,False,False
HSP0498,Nanda Group Hospital,Hospital,West Bengal,Singrauli,Network-A,25060.83,30000,0.835,True,False,False
HSP0499,Comar-Iyengar Hospital,Hospital,Karnataka,Jamalpur,Network-A,29703.67,30000,0.99,True,False,False
HSP0500,Shenoy Ltd Hospital,Hospital,Jharkhand,Bahraich,Network-B,34148.39,30000,1.138,True,False,False
HSP0501,Biswas-Rege Hospital,Hospital,Uttar Pradesh,Kolhapur,Network-B,35435.7,30000,1.181,True,False,False
HSP0502,"Mitter, Khurana and Krishnan Hospital",Hospital,Bihar,Bhusawal,Network-C,29871.18,30000,0.996,True,False,False
HSP0503,Borah-Sen Hospital,Hospital,Chhattisgarh,Ballia,Network-C,24568.47,30000,0.819,True,False,False
HSP0504,Warrior-Toor Hospital,Hospital,Chhattisgarh,Tinsukia,Network-B,28972.25,30000,0.966,True,False,False
HSP0505,Parsa Ltd Hospital,Hospital,Jharkhand,Moradabad,Network-A,31372.63,30000,1.046,True,False,False
HSP0506,Pant and Sons Hospital,Hospital,Rajasthan,Phusro,Network-A,24165.33,30000,0.806,True,False,False
HSP0507,"Ratta, Narula and Sani Hospital",Hospital,Maharashtra,Hyderabad,Network-B,33723.63,30000,1.124,True,False,False
HSP0508,Kuruvilla and Sons Hospital,Hospital,Maharashtra,Amroha,Network-B,24261.98,30000,0.809,True,False,False
HSP0509,Raman-Sheth Hospital,Hospital,Karnataka,Hapur,Network-B,25203.45,30000,0.84,True,False,False
HSP0510,Subramanian Inc Hospital,Hospital,West Bengal,Vijayanagaram,Network-A,31216.47,30000,1.041,True,False,False
HSP0511,D’Alia Ltd Hospital,Hospital,Jharkhand,Karnal,Network-C,31588.26,30000,1.053,True,False,False
HSP0512,Oza-Shah Hospital,Hospital,West Bengal,Saharsa,Network-A,29339.25,30000,0.978,True,False,False
HSP0513,Pall-Soni Hospital,Hospital,Chhattisgarh,Bahraich,Network-B,35851.77,30000,1.195,False,False,False
HSP0514,"Sethi, Nagar and Bhavsar Hospital",Hospital,Maharashtra,Varanasi,Network-C,27886.82,30000,0.93,True,False,False
HSP0515,"Contractor, Bajaj and Oza Hospital",Hospital,West Bengal,Dehradun,Network-B,25571.06,30000,0.852,True,False,False
HSP0516,"Kohli, Varty and Ghosh Hospital",Hospital,West Bengal,Bathinda,Network-B,30048.77,30000,1.002,True,False,False
HSP0517,"Sandhu, Shere and Kata Hospital",Hospital,Madhya Pradesh,Udaipur,Out-of-Network,30028.96,30000,1.001,True,False,False
HSP0518,Sankaran Group Hospital,Hospital,Haryana,Srikakulam,Network-B,34314.37,30000,1.144,True,False,False
HSP0519,Sengupta PLC Hospital,Hospital,Jharkhand,Pali,Network-C,28678.67,30000,0.956,True,False,False
HSP0520,Kala and Sons Hospital,Hospital,West Bengal,Rajkot,Network-A,27616.81,30000,0.921,False,False,False
HSP0521,"Chaudry, Yadav and Grover Hospital",Hospital,Madhya Pradesh,Anantapur,Network-A,32160.42,30000,1.072,True,False,False
HSP0522,Shankar Inc Hospital,Hospital,Tamil Nadu,Unnao,Network-B,28262.61,30000,0.942,True,False,False
HSP0523,"Munshi, Rama and Ramanathan Hospital",Hospital,Tamil Nadu,Karnal,Network-B,28335.59,30000,0.945,True,False,False
HSP0524,Shankar-Gera Hospital,Hospital,Odisha,Srikakulam,Network-A,34801.1,30000,1.16,True,False,False
HSP0525,"Chad, Desai and Munshi Hospital",Hospital,Andhra Pradesh,Mathura,Network-B,25487.26,30000,0.85,True,False,False
HSP0526,Dada-Goswami Hospital,Hospital,Telangana,Ajmer,Network-A,33683.33,30000,1.123,True,False,False
HSP0527,"Rama, Sahota and Devi Hospital",Hospital,Rajasthan,Bhusawal,Network-C,32563.04,30000,1.085,True,False,False
HSP0528,Sur Ltd Hospital,Hospital,Karnataka,Miryalaguda,Network-A,30230.01,30000,1.008,True,False,False
HSP0529,Suri LLC Hospital,Hospital,Delhi,Gaya,Network-C,24169.5,30000,0.806,True,False,False
HSP0530,Seshadri-Bera Hospital,Hospital,Haryana,Bangalore,Network-A,25298.99,30000,0.843,True,False,False
HSP0531,Deshpande-Hayer Hospital,Hospital,Himachal Pradesh,Kishanganj,Network-A,27352.26,30000,0.912,True,False,False
HSP0532,"Talwar, Rege and Swamy Hospital",Hospital,Kerala,Raiganj,Network-B,28068.09,30000,0.936,True,False,False
HSP0533,Ganesh-Butala Hospital,Hospital,Bihar,Muzaffarnagar,Network-A,26425.37,30000,0.881,True,False,False
HSP0534,Bali-Maharaj Hospital,Hospital,West Bengal,Siwan,Out-of-Network,30050.63,30000,1.002,True,False,False
HSP0535,Ganguly-Shankar Hospital,Hospital,Karnataka,Jamalpur,Network-C,33177.08,30000,1.106,True,False,False
HSP0536,"Chowdhury, Comar and Loyal Hospital",Hospital,Uttar Pradesh,Hosur,Network-B,33202.51,30000,1.107,True,False,False
HSP0537,Sastry PLC Hospital,Hospital,Karnataka,Khandwa,Out-of-Network,25132.1,30000,0.838,True,False,False
HSP0538,Kota LLC Hospital,Hospital,Uttar Pradesh,Hospet,Network-A,31874.76,30000,1.062,False,False,False
HSP0539,Pall-Chahal Hospital,Hospital,Uttar Pradesh,Kochi,Network-C,31228.92,30000,1.041,True,False,False
HSP0540,Kadakia Ltd Hospital,Hospital,Bihar,Phagwara,Network-B,28970.13,30000,0.966,False,False,False
HSP0541,"Sangha, Gandhi and Dewan Hospital",Hospital,Maharashtra,Tiruppur,Network-B,28712.82,30000,0.957,True,False,False
HSP0542,Panchal PLC Hospital,Hospital,Uttar Pradesh,Kavali,Network-B,34724.92,30000,1.157,True,False,False
HSP0543,"Ganguly, Naik and Master Hospital",Hospital,Karnataka,Chapra,Network-B,29012.92,30000,0.967,True,False,False
HSP0544,Varkey-Chandran Hospital,Hospital,Maharashtra,Bulandshahr,Network-A,28223.16,30000,0.941,True,False,False
HSP0545,Malhotra Ltd Hospital,Hospital,Madhya Pradesh,Mira-Bhayandar,Network-C,27080.66,30000,0.903,True,False,False
HSP0546,Dhingra Ltd Hospital,Hospital,Uttar Pradesh,Shahjahanpur,Out-of-Network,34057.64,30000,1.135,True,False,False
HSP0547,"Ramaswamy, Suri and Dhar Hospital",Hospital,Maharashtra,Vijayanagaram,Network-A,33818.73,30000,1.127,True,False,False
HSP0548,Seth-Borra Hospital,Hospital,Haryana,Sambhal,Out-of-Network,25382.23,30000,0.846,True,False,False
HSP0549,"Mall, Pillay and Sha Hospital",Hospital,Telangana,Khammam,Network-A,31174.27,30000,1.039,True,False,False
HSP0550,"Agate, Chander and Shanker Hospital",Hospital,Bihar,Rajkot,Network-B,27102.69,30000,0.903,True,False,False
HSP0551,"Rao, Kamdar and Sanghvi Hospital",Hospital,Bihar,Shimla,Out-of-Network,34736.74,30000,1.158,True,False,False
HSP0552,Naidu-Mander Hospital,Hospital,Karnataka,Motihari,Network-B,32616.75,30000,1.087,True,False,False
HSP0553,"De, Sundaram and Oza Hospital",Hospital,Chhattisgarh,Ranchi,Network-A,35997.18,30000,1.2,True,False,False
HSP0554,Sharaf Inc Hospital,Hospital,Uttar Pradesh,Sangli-Miraj & Kupwad,Network-B,35068.29,30000,1.169,True,False,False
HSP0555,Shan-Acharya Hospital,Hospital,Bihar,Panihati,Out-of-Network,35369.92,30000,1.179,True,False,False
HSP0556,"Deo, Mittal and Dutt Hospital",Hospital,Kerala,Tiruchirappalli,Network-B,28993.94,30000,0.966,True,False,False
HSP0557,"Patel, Krishna and Butala Hospital",Hospital,Uttar Pradesh,Dehradun,Network-B,32463.27,30000,1.082,True,False,False
HSP0558,Randhawa Ltd Hospital,Hospital,Andhra Pradesh,Muzaffarpur,Network-C,28068.19,30000,0.936,True,False,False
HSP0559,Chand-Chandran Hospital,Hospital,Bihar,Kakinada,Out-of-Network,32982.17,30000,1.099,True,False,False
HSP0560,Brahmbhatt-Deo Hospital,Hospital,Bihar,Kadapa,Network-B,28420.13,30000,0.947,True,False,False
HSP0561,"Saxena, Andra and Anand Hospital",Hospital,Jharkhand,Jamshedpur,Network-A,28426.54,30000,0.948,True,False,False
HSP0562,Deo-Sridhar Hospital,Hospital,Madhya Pradesh,Berhampur,Network-A,27142.76,30000,0.905,True,False,False
HSP0563,Chakraborty-Chaudry Hospital,Hospital,Madhya Pradesh,Satara,Network-B,30406.87,30000,1.014,True,False,False
HSP0564,Mistry-Devan Hospital,Hospital,Kerala,Guntur,Network-B,35594.43,30000,1.186,True,False,False
HSP0565,"Dhar, Biswas and Wali Hospital",Hospital,Uttar Pradesh,Phagwara,Network-C,24704.62,30000,0.823,True,False,False
HSP0566,"Gala, Sarraf and Panchal Hospital",Hospital,Tamil Nadu,Saharanpur,Out-of-Network,29500.52,30000,0.983,True,False,False
HSP0567,Savant-Kalla Hospital,Hospital,Odisha,Salem,Network-A,33018.23,30000,1.101,True,False,False
HSP0568,Dasgupta PLC Hospital,Hospital,Telangana,Etawah,Network-C,31547.38,30000,1.052,True,False,False
HSP0569,Murty-Dey Hospital,Hospital,Telangana,Bally,Network-C,34428.65,30000,1.148,False,False,False
HSP0570,"Chad, Kothari and Mane Hospital",Hospital,Odisha,Barasat,Network-A,34324.15,30000,1.144,True,False,False
HSP0571,Vasa PLC Hospital,Hospital,Madhya Pradesh,Katni,Network-A,28068.28,30000,0.936,True,False,False
HSP0572,Bhagat-Khatri Hospital,Hospital,Gujarat,Kharagpur,Network-A,34656.35,30000,1.155,True,False,False
HSP0573,Khosla Group Hospital,Hospital,Gujarat,Dehri,Network-B,35664.84,30000,1.189,True,False,False
HSP0574,Patel LLC Hospital,Hospital,Rajasthan,Munger,Network-B,27589.5,30000,0.92,False,False,False
HSP0575,"Salvi, Pau and Gera Hospital",Hospital,Telangana,Srinagar,Network-A,24058.29,30000,0.802,True,False,False
HSP0576,Bir Inc Hospital,Hospital,West Bengal,Thrissur,Network-C,29659.68,30000,0.989,True,False,False
HSP0577,Bhasin Group Hospital,Hospital,Maharashtra,Orai,Network-B,30260.57,30000,1.009,True,False,False
HSP0578,Sampath-Ratti Hospital,Hospital,Punjab,Jorhat,Network-C,35940.11,30000,1.198,True,False,False
HSP0579,"Dua, Mall and Chacko Hospital",Hospital,Madhya Pradesh,Vijayawada,Network-A,28225.45,30000,0.941,True,False,False
HSP0580,"Jani, Dugal and Yadav Hospital",Hospital,Delhi,Katni,Network-C,29955.46,30000,0.999,True,False,False
HSP0581,"Bhatti, Mukherjee and Sarkar Hospital",Hospital,Andhra Pradesh,Howrah,Network-A,28839.28,30000,0.961,True,False,False
HSP0582,Chadha Group Hospital,Hospital,Haryana,Malda,Out-of-Network,26507.52,30000,0.884,True,False,False
HSP0583,"Bhakta, More and Gill Hospital",Hospital,Odisha,Ahmedabad,Network-B,30965.26,30000,1.032,True,False,False
HSP0584,"Devan, Apte and Gade Hospital",Hospital,Uttar Pradesh,Sri Ganganagar,Network-A,29140.71,30000,0.971,True,False,False
HSP0585,"Varughese, Lad and Ganesan Hospital",Hospital,Uttar Pradesh,Cuttack,Network-B,30812.95,30000,1.027,True,False,False
HSP0586,"Luthra, Dalal and Balan Hospital",Hospital,Delhi,Haldia,Network-A,32734.57,30000,1.091,True,False,False
HSP0587,Viswanathan-Bhatt Hospital,Hospital,Telangana,Gangtok,Network-A,34350.57,30000,1.145,True,False,False
HSP0588,"Bose, Taneja and Shah Hospital",Hospital,Bihar,Pimpri-Chinchwad,Network-A,24675.47,30000,0.823,True,False,False
HSP0589,Ganesan-Pillai Hospital,Hospital,Gujarat,Rohtak,Network-B,29114.93,30000,0.97,True,False,False
HSP0590,D’Alia and Sons Hospital,Hospital,Maharashtra,Varanasi,Network-B,35869.1,30000,1.196,True,False,False
HSP0591,Konda Inc Hospital,Hospital,Uttar Pradesh,Bharatpur,Network-A,29731.79,30000,0.991,True,False,False
HSP0592,Doctor-Gola Hospital,Hospital,Tamil Nadu,Begusarai,Network-C,27159.81,30000,0.905,True,False,False
HSP0593,"Saini, Kapur and Nagy Hospital",Hospital,Kerala,Erode,Network-B,29546.74,30000,0.985,True,False,False
HSP0594,"Nagarajan, Madan and Brahmbhatt Hospital",Hospital,Karnataka,Jamshedpur,Network-B,28380.57,30000,0.946,True,False,False
HSP0595,"Ben, Gola and Kapoor Hospital",Hospital,Uttar Pradesh,Rewa,Network-C,25605.44,30000,0.854,True,False,False
HSP0596,Shroff LLC Hospital,Hospital,Uttar Pradesh,Khammam,Network-A,25807.21,30000,0.86,False,False,False
HSP0597,Shan Inc Hospital,Hospital,Assam,Kollam,Network-C,35846.24,30000,1.195,False,False,False
HSP0598,Modi-Kibe Hospital,Hospital,Telangana,Arrah,Network-A,31105.59,30000,1.037,True,False,False
HSP0599,"Tak, Hayre and Korpal Hospital",Hospital,Kerala,Chennai,Network-A,31142.27,30000,1.038,True,False,False
HSP0600,Bajwa-Kaul Hospital,Hospital,Haryana,Bangalore,Network-A,25487.11,30000,0.85,True,False,False
HSP0601,Agarwal-Puri Hospital,Hospital,Punjab,Vasai-Virar,Network-C,33036.88,30000,1.101,True,False,False
HSP0602,Wagle and Sons Hospital,Hospital,Uttar Pradesh,Pallavaram,Network-A,30670.53,30000,1.022,True,False,False
HSP0603,Dhar Ltd Hospital,Hospital,Karnataka,Tiruchirappalli,Out-of-Network,32182.75,30000,1.073,True,False,False
HSP0604,Kata PLC Hospital,Hospital,Madhya Pradesh,Serampore,Network-B,29845.39,30000,0.995,True,False,False
HSP0605,Chad-Chandran Hospital,Hospital,Gujarat,Singrauli,Network-B,24808.49,30000,0.827,True,False,False
HSP0606,Bhatia Group Hospital,Hospital,Bihar,Patiala,Network-A,33183.85,30000,1.106,True,False,False
HSP0607,Lal-Murty Hospital,Hospital,Uttar Pradesh,Khammam,Network-C,24823.45,30000,0.827,True,False,False
HSP0608,Sethi-Magar Hospital,Hospital,Rajasthan,Aurangabad,Network-C,33938.37,30000,1.131,True,False,False
HSP0609,Deshpande PLC Hospital,Hospital,Punjab,Bhatpara,Network-B,32367.28,30000,1.079,True,False,False
HSP0610,Gala Group Hospital,Hospital,Punjab,Satara,Network-C,29245.54,30000,0.975,True,False,False
HSP0611,Dara-Wason Hospital,Hospital,West Bengal,Dhule,Network-A,26428.86,30000,0.881,True,False,False
HSP0612,Morar-Sheth Hospital,Hospital,Maharashtra,Jamshedpur,Network-B,24588.89,30000,0.82,True,False,False
HSP0613,Dugar Ltd Hospital,Hospital,Punjab,Madanapalle,Network-B,31888.01,30000,1.063,True,False,False
HSP0614,Kale LLC Hospital,Hospital,Rajasthan,Mysore,Network-C,31497.13,30000,1.05,True,False,False
HSP0615,"Kothari, Parekh and Randhawa Hospital",Hospital,Rajasthan,Dewas,Network-A,27277.88,30000,0.909,True,False,False
HSP0616,Ghosh-Balasubramanian Hospital,Hospital,Uttar Pradesh,Bidhannagar,Network-C,25084.9,30000,0.836,True,False,False
HSP0617,"Krish, Chandra and Shere Hospital",Hospital,Gujarat,Kolhapur,Network-C,33929.29,30000,1.131,True,False,False
HSP0618,Arora Inc Hospital,Hospital,Punjab,Bikaner,Network-B,29355.0,30000,0.979,True,False,False
HSP0619,Rattan LLC Hospital,Hospital,Telangana,Ballia,Network-B,28418.79,30000,0.947,True,False,False
HSP0620,"Lad, Borde and Bains Hospital",Hospital,Chhattisgarh,Davanagere,Network-A,28480.6,30000,0.949,True,False,False
HSP0621,"Sawhney, Dave and Chanda Hospital",Hospital,Maharashtra,Bhilai,Network-A,25269.0,30000,0.842,True,False,False
HSP0622,Shenoy Inc Hospital,Hospital,Uttar Pradesh,Chapra,Network-B,33270.07,30000,1.109,True,False,False
HSP0623,Rana-Taneja Hospital,Hospital,Bihar,Eluru,Network-C,35509.15,30000,1.184,True,False,False
HSP0624,"Sandhu, Gera and Pandya Hospital",Hospital,Assam,Gaya,Out-of-Network,34604.0,30000,1.153,True,False,False
HSP0625,Mammen-Sehgal Hospital,Hospital,Odisha,Visakhapatnam,Network-A,33833.41,30000,1.128,True,False,False
HSP0626,"Korpal, Merchant and Tara Hospital",Hospital,Andhra Pradesh,Jamalpur,Network-C,35405.96,30000,1.18,True,False,False
HSP0627,Bhat-Chahal Hospital,Hospital,Himachal Pradesh,Yamunanagar,Network-A,35284.22,30000,1.176,True,False,False
HSP0628,Saini and Sons Hospital,Hospital,Manipur,Tinsukia,Network-C,29551.2,30000,0.985,True,False,False
HSP0629,Raja Ltd Hospital,Hospital,Bihar,Nangloi Jat,Network-A,26792.79,30000,0.893,True,False,False
HSP0630,"Sundaram, Padmanabhan and Thakkar Hospital",Hospital,Chhattisgarh,Munger,Network-A,30583.37,30000,1.019,True,False,False
HSP0631,Gole-Bal Hospital,Hospital,Delhi,Kavali,Network-B,28417.12,30000,0.947,True,False,False
HSP0632,Balan LLC Hospital,Hospital,Uttarakhand,Chittoor,Network-A,34961.2,30000,1.165,True,False,False
HSP0633,"Parmar, Kaul and Dutta Hospital",Hospital,Uttar Pradesh,Shahjahanpur,Network-C,31441.76,30000,1.048,True,False,False
HSP0634,"Khosla, Lata and Walla Hospital",Hospital,Tamil Nadu,Muzaffarnagar,Network-A,35497.11,30000,1.183,True,False,False
HSP0635,"Rama, Pant and Ghose Hospital",Hospital,Uttar Pradesh,Patiala,Network-B,24148.77,30000,0.805,True,False,False
HSP0636,"Nadkarni, Parmer and Bala Hospital",Hospital,Maharashtra,Tezpur,Network-B,28076.6,30000,0.936,True,False,False
HSP0637,"Dhar, Guha and Tailor Hospital",Hospital,Maharashtra,Akola,Network-B,35639.18,30000,1.188,True,False,False
HSP0638,Barad-Chana Hospital,Hospital,Karnataka,Muzaffarpur,Network-B,30519.71,30000,1.017,True,False,False
HSP0639,"Kanda, Bahri and Vyas Hospital",Hospital,Rajasthan,Mumbai,Out-of-Network,27422.65,30000,0.914,True,False,False
HSP0640,Jaggi-De Hospital,Hospital,Andhra Pradesh,Belgaum,Network-B,29564.64,30000,0.985,False,False,False
HSP0641,Bhargava-Bains Hospital,Hospital,Rajasthan,Dharmavaram,Network-C,32960.78,30000,1.099,True,False,False
HSP0642,"Dhar, Choudhry and Vora Hospital",Hospital,Rajasthan,Srinagar,Network-B,24495.04,30000,0.817,True,False,False
HSP0643,Randhawa-Chaudhuri Hospital,Hospital,Rajasthan,Barasat,Out-of-Network,24189.64,30000,0.806,True,False,False
HSP0644,Deshpande-Dugar Hospital,Hospital,Telangana,Morbi,Network-C,30542.46,30000,1.018,True,False,False
HSP0645,"Nadig, Ghosh and Parikh Hospital",Hospital,Tamil Nadu,Giridih,Network-C,25467.47,30000,0.849,True,False,False
HSP0646,Radhakrishnan LLC Hospital,Hospital,Andhra Pradesh,Warangal,Network-C,24920.89,30000,0.831,True,False,False
HSP0647,Agarwal Ltd Hospital,Hospital,Andhra Pradesh,Tezpur,Network-B,28012.31,30000,0.934,True,False,False
HSP0648,Gopal PLC Hospital,Hospital,Maharashtra,Pudukkottai,Network-B,33211.93,30000,1.107,True,False,False
HSP0649,Chawla Group Hospital,Hospital,Rajasthan,Bathinda,Network-A,27544.69,30000,0.918,True,False,False
HSP0650,"Brahmbhatt, Khanna and Palan Hospital",Hospital,Bihar,Rourkela,Network-B,35310.06,30000,1.177,True,False,False
HSP0651,"Chakrabarti, Nayak and Sekhon Hospital",Hospital,Madhya Pradesh,Bilaspur,Network-C,29480.95,30000,0.983,True,False,False
HSP0652,Krish Ltd Hospital,Hospital,Andhra Pradesh,Etawah,Network-A,31370.39,30000,1.046,True,False,False
HSP0653,Chokshi-Agarwal Hospital,Hospital,Tamil Nadu,Kharagpur,Network-B,34639.75,30000,1.155,True,False,False
HSP0654,Saini-Ganesan Hospital,Hospital,Maharashtra,Kumbakonam,Network-C,27253.65,30000,0.908,True,False,False
HSP0655,Panchal-Prashad Hospital,Hospital,Gujarat,Nangloi Jat,Network-C,33876.81,30000,1.129,True,False,False
HSP0656,"Kar, Gaba and Seth Hospital",Hospital,Uttar Pradesh,Visakhapatnam,Out-of-Network,26740.03,30000,0.891,True,False,False
HSP0657,Bahri-Nagar Hospital,Hospital,Odisha,Vasai-Virar,Network-B,30724.49,30000,1.024,True,False,False
HSP0658,Oommen and Sons Hospital,Hospital,Jharkhand,Nanded,Network-A,24989.14,30000,0.833,True,False,False
HSP0659,"Borde, Chander and Nigam Hospital",Hospital,Uttar Pradesh,Ludhiana,Network-C,30251.71,30000,1.008,True,False,False
HSP0660,Gala-Saraf Hospital,Hospital,Maharashtra,Meerut,Network-A,33875.23,30000,1.129,True,False,False
HSP0661,Narula and Sons Hospital,Hospital,Tamil Nadu,Alappuzha,Network-C,30898.43,30000,1.03,True,False,False
HSP0662,"Zachariah, Lanka and Manda Hospital",Hospital,Jharkhand,Patiala,Network-C,32752.93,30000,1.092,True,False,False
HSP0663,Bawa Group Hospital,Hospital,Tamil Nadu,Jamnagar,Network-C,35917.19,30000,1.197,True,False,False
HSP0664,Patel Inc Hospital,Hospital,Uttar Pradesh,Chandigarh,Network-C,29434.44,30000,0.981,True,False,False
HSP0665,Srinivasan-Iyengar Hospital,Hospital,Madhya Pradesh,Indore,Network-B,25271.31,30000,0.842,True,False,False
HSP0666,Garde Ltd Hospital,Hospital,Uttar Pradesh,Jodhpur,Network-B,28729.01,30000,0.958,True,False,False
HSP0667,D’Alia-Morar Hospital,Hospital,Maharashtra,Chittoor,Network-C,34741.97,30000,1.158,True,False,False
HSP0668,Lanka-Chand Hospital,Hospital,Punjab,Udaipur,Network-B,31371.38,30000,1.046,True,False,False
HSP0669,Raj-Pingle Hospital,Hospital,Madhya Pradesh,Amroha,Network-B,30983.99,30000,1.033,True,False,False
HSP0670,Lall Group Hospital,Hospital,Maharashtra,Firozabad,Network-C,32947.78,30000,1.098,True,False,False
HSP0671,Luthra PLC Hospital,Hospital,Uttar Pradesh,Saharanpur,Network-C,25841.91,30000,0.861,True,False,False
HSP0672,"Chatterjee, Chada and Padmanabhan Hospital",Hospital,Jharkhand,Giridih,Network-C,26865.42,30000,0.896,True,False,False
HSP0673,Bhat Group Hospital,Hospital,Haryana,Jorhat,Network-B,35383.76,30000,1.179,True,False,False
HSP0674,"Soman, Keer and Soni Hospital",Hospital,Uttar Pradesh,Vijayawada,Out-of-Network,34498.21,30000,1.15,True,False,False
HSP0675,Banerjee-Thakkar Hospital,Hospital,Uttar Pradesh,Jamshedpur,Network-A,28719.62,30000,0.957,True,False,False
HSP0676,Ghose-Ganesh Hospital,Hospital,Tamil Nadu,Nellore,Network-B,28654.37,30000,0.955,True,False,False
HSP0677,Basak Group Hospital,Hospital,Tamil Nadu,Raebareli,Network-B,34709.81,30000,1.157,True,False,False
HSP0678,Divan PLC Hospital,Hospital,Delhi,Imphal,Network-C,35663.93,30000,1.189,True,False,False
HSP0679,"Bhavsar, Chahal and Rama Hospital",Hospital,Haryana,Suryapet,Network-A,34326.76,30000,1.144,True,False,False
HSP0680,Majumdar-Venkatesh Hospital,Hospital,Maharashtra,Ahmedabad,Out-of-Network,24145.69,30000,0.805,True,False,False
HSP0681,"Virk, Saini and Chowdhury Hospital",Hospital,Maharashtra,Jalgaon,Network-C,28263.38,30000,0.942,True,False,False
HSP0682,Chaudhry Inc Hospital,Hospital,Delhi,Baranagar,Network-C,33416.51,30000,1.114,True,False,False
HSP0683,"Padmanabhan, Roy and Lalla Hospital",Hospital,Madhya Pradesh,Shivpuri,Network-C,24032.49,30000,0.801,True,False,False
HSP0684,"Solanki, Barad and Gera Hospital",Hospital,Odisha,Sambhal,Network-B,27264.54,30000,0.909,True,False,False
HSP0685,Ratti Inc Hospital,Hospital,Delhi,Bathinda,Network-B,32480.35,30000,1.083,True,False,False
HSP0686,"Khanna, Bawa and Soman Hospital",Hospital,Bihar,Serampore,Network-C,26099.73,30000,0.87,True,False,False
HSP0687,Nazareth LLC Hospital,Hospital,Kerala,Parbhani,Network-C,26475.27,30000,0.883,True,False,False
HSP0688,Chaudhari-Kari Hospital,Hospital,Maharashtra,Dewas,Network-A,26703.57,30000,0.89,True,False,False
HSP0689,"Savant, Nagi and Luthra Hospital",Hospital,Uttar Pradesh,Mahbubnagar,Network-A,34584.93,30000,1.153,True,False,False
HSP0690,"Chakraborty, Guha and Sathe Hospital",Hospital,Uttar Pradesh,Vellore,Network-C,32089.84,30000,1.07,True,False,False
HSP0691,"Sundaram, Varty and Prakash Hospital",Hospital,Rajasthan,Kottayam,Out-of-Network,25206.26,30000,0.84,True,False,False
HSP0692,Bhatti LLC Hospital,Hospital,Bihar,Bhavnagar,Out-of-Network,29343.19,30000,0.978,True,False,False
HSP0693,"Balakrishnan, Ghose and Hans Hospital",Hospital,Uttar Pradesh,Howrah,Out-of-Network,25941.39,30000,0.865,True,False,False
HSP0694,Bali Group Hospital,Hospital,Uttar Pradesh,Karimnagar,Network-A,33049.09,30000,1.102,True,False,False
HSP0695,"Issac, Mahal and Pillay Hospital",Hospital,Rajasthan,Dibrugarh,Network-B,27116.91,30000,0.904,True,False,False
HSP0696,Dasgupta-Balasubramanian Hospital,Hospital,Bihar,Serampore,Network-A,31653.48,30000,1.055,True,False,False
HSP0697,Sehgal-Goel Hospital,Hospital,Gujarat,Dharmavaram,Network-C,32242.19,30000,1.075,True,False,False
HSP0698,"Palla, Padmanabhan and Gade Hospital",Hospital,West Bengal,Mysore,Network-B,34030.36,30000,1.134,True,False,False
HSP0699,Bala-Raju Hospital,Hospital,Telangana,Ujjain,Out-of-Network,34159.18,30000,1.139,True,False,False
HSP0700,"Kala, Kant and Kar Hospital",Hospital,Rajasthan,Agartala,Network-B,32153.82,30000,1.072,True,False,False
HSP0701,"Rout, Varghese and Bahri Hospital",Hospital,West Bengal,Bhalswa Jahangir Pur,Network-B,24735.65,30000,0.825,True,False,False
HSP0702,Ghose PLC Hospital,Hospital,Bihar,Rajahmundry,Network-A,27945.36,30000,0.932,True,False,False
HSP0703,Mody-Maharaj Hospital,Hospital,Delhi,Gandhinagar,Network-A,24539.57,30000,0.818,True,False,False
HSP0704,Sharaf-Krishnan Hospital,Hospital,Tamil Nadu,Kirari Suleman Nagar,Network-A,24339.51,30000,0.811,True,False,False
HSP0705,Verma-Ranganathan Hospital,Hospital,Jharkhand,Chennai,Network-B,29215.25,30000,0.974,True,False,False
HSP0706,"Prasad, Mandal and Misra Hospital",Hospital,Jharkhand,Ongole,Network-C,24648.65,30000,0.822,True,False,False
HSP0707,Nayar LLC Hospital,Hospital,West Bengal,Bally,Network-C,29582.55,30000,0.986,True,False,False
HSP0708,Misra-Guha Hospital,Hospital,Uttar Pradesh,Hazaribagh,Network-C,26663.45,30000,0.889,True,False,False
HSP0709,Bhandari PLC Hospital,Hospital,Maharashtra,Imphal,Network-C,32206.14,30000,1.074,True,False,False
HSP0710,"Dey, Bal and Tank Hospital",Hospital,Rajasthan,Rampur,Network-B,28460.54,30000,0.949,False,False,False
HSP0711,Ravel-Rama Hospital,Hospital,Uttar Pradesh,Ballia,Network-B,29258.86,30000,0.975,True,False,False
HSP0712,"Gupta, Oza and Kapadia Hospital",Hospital,Gujarat,Secunderabad,Network-B,26790.64,30000,0.893,True,False,False
HSP0713,"Mital, Garde and Golla Hospital",Hospital,Uttar Pradesh,Jalandhar,Network-B,28562.83,30000,0.952,True,False,False
HSP0714,Dave-Kuruvilla Hospital,Hospital,Uttar Pradesh,Thanjavur,Network-B,33096.43,30000,1.103,True,False,False
HSP0715,"Chakraborty, Kapadia and Pant Hospital",Hospital,Tamil Nadu,Aizawl,Network-B,32973.48,30000,1.099,True,False,False
HSP0716,Narula-Prabhu Hospital,Hospital,Madhya Pradesh,Bhimavaram,Network-B,27812.67,30000,0.927,True,False,False
HSP0717,Sheth-Dalal Hospital,Hospital,Madhya Pradesh,Meerut,Network-A,28925.3,30000,0.964,True,False,False
HSP0718,"Bobal, Sodhi and Hayer Hospital",Hospital,West Bengal,Eluru,Network-A,31457.5,30000,1.049,True,False,False
HSP0719,"Misra, Sachdev and Bhagat Hospital",Hospital,Andhra Pradesh,Durgapur,Network-A,25421.82,30000,0.847,True,False,False
HSP0720,Oommen Group Hospital,Hospital,Himachal Pradesh,Asansol,Network-B,30348.47,30000,1.012,False,False,False
HSP0721,Gole-Buch Hospital,Hospital,Delhi,Thoothukudi,Network-A,30596.08,30000,1.02,True,False,False
HSP0722,"Goel, Munshi and Bhardwaj Hospital",Hospital,Odisha,Bidhannagar,Network-A,24290.75,30000,0.81,True,False,False
HSP0723,Kadakia-Ganguly Hospital,Hospital,Bihar,Unnao,Network-A,25758.56,30000,0.859,True,False,False
HSP0724,Dayal PLC Hospital,Hospital,Rajasthan,Haldia,Network-C,35840.38,30000,1.195,True,False,False
HSP0725,Sanghvi-Sood Hospital,Hospital,West Bengal,Kolkata,Network-A,31476.86,30000,1.049,True,False,False
HSP0726,Walla and Sons Hospital,Hospital,Kerala,Kanpur,Out-of-Network,25790.73,30000,0.86,True,False,False
HSP0727,Wali-Halder Hospital,Hospital,Kerala,Kolkata,Network-C,35614.88,30000,1.187,True,False,False
HSP0728,"Kothari, Kara and Padmanabhan Hospital",Hospital,Uttarakhand,Bikaner,Network-B,32452.76,30000,1.082,True,False,False
HSP0729,Rajagopal PLC Hospital,Hospital,Manipur,Rourkela,Network-C,29474.97,30000,0.982,True,False,False
HSP0730,Bath LLC Hospital,Hospital,Haryana,Sirsa,Network-C,24413.65,30000,0.814,True,False,False
HSP0731,"Venkatesh, Viswanathan and Nazareth Hospital",Hospital,West Bengal,Guntur,Network-A,25932.55,30000,0.864,True,False,False
HSP0732,Suri-Parmer Hospital,Hospital,Assam,Dehradun,Network-B,32208.0,30000,1.074,True,False,False
HSP0733,Bahl-Kari Hospital,Hospital,Kerala,Mira-Bhayandar,Network-C,31131.53,30000,1.038,True,False,False
HSP0734,Bains PLC Hospital,Hospital,Odisha,Amravati,Network-C,32002.0,30000,1.067,True,False,False
HSP0735,Barad-Prashad Hospital,Hospital,Karnataka,Deoghar,Network-A,26935.53,30000,0.898,False,False,False
HSP0736,"Bava, Bava and Chokshi Hospital",Hospital,West Bengal,Nashik,Network-A,33778.51,30000,1.126,True,False,False
HSP0737,"D’Alia, Saha and Sawhney Hospital",Hospital,Jharkhand,Amravati,Network-B,27892.87,30000,0.93,True,False,False
HSP0738,"Krishnan, Som and Dua Hospital",Hospital,West Bengal,Bangalore,Network-C,25842.93,30000,0.861,True,False,False
HSP0739,Salvi-Chaudhuri Hospital,Hospital,Chhattisgarh,Medininagar,Out-of-Network,30214.54,30000,1.007,True,False,False
HSP0740,"Devan, Sahota and Cheema Hospital",Hospital,Chhattisgarh,Ichalkaranji,Network-A,26975.36,30000,0.899,True,False,False
HSP0741,Cherian Group Hospital,Hospital,Uttar Pradesh,Narasaraopet,Out-of-Network,25209.14,30000,0.84,True,False,False
HSP0742,Lall PLC Hospital,Hospital,Haryana,Secunderabad,Network-B,27845.46,30000,0.928,True,False,False
HSP0743,"Rout, Merchant and Dyal Hospital",Hospital,Odisha,Motihari,Network-A,29629.6,30000,0.988,True,False,False
HSP0744,Johal-Srivastava Hospital,Hospital,Bihar,Noida,Out-of-Network,30068.7,30000,1.002,True,False,False
HSP0745,Arya Ltd Hospital,Hospital,Rajasthan,Bhubaneswar,Network-C,32593.57,30000,1.086,True,False,False
HSP0746,"Tak, Dixit and Chana Hospital",Hospital,Rajasthan,Salem,Network-B,25194.12,30000,0.84,True,False,False
HSP0747,Kashyap-Shan Hospital,Hospital,Bihar,Bilaspur,Network-A,24728.49,30000,0.824,True,False,False
HSP0748,Bedi-Chaudhry Hospital,Hospital,Delhi,Thane,Network-C,33490.38,30000,1.116,True,False,False
HSP0749,Parsa-Munshi Hospital,Hospital,Karnataka,Bhiwandi,Network-B,30756.13,30000,1.025,True,False,False
HSP0750,Bath Inc Hospital,Hospital,Rajasthan,Tirunelveli,Network-A,35750.92,30000,1.192,True,False,False
HSP0751,Parmar-Sarma Hospital,Hospital,Uttar Pradesh,Tiruchirappalli,Network-B,26938.26,30000,0.898,True,False,False
HSP0752,Oommen-Goswami Hospital,Hospital,Bihar,Rewa,Network-C,31079.82,30000,1.036,True,False,False
HSP0753,Shan-Magar Hospital,Hospital,Bihar,Morena,Network-C,27515.23,30000,0.917,True,False,False
HSP0754,Ganesan-Chowdhury Hospital,Hospital,Uttar Pradesh,Allahabad,Network-C,27343.27,30000,0.911,True,False,False
HSP0755,Chawla Group Hospital,Hospital,West Bengal,Jehanabad,Network-A,27913.95,30000,0.93,True,False,False
HSP0756,"Sarma, Golla and Raghavan Hospital",Hospital,Madhya Pradesh,Pudukkottai,Network-C,29690.91,30000,0.99,True,False,False
HSP0757,De Group Hospital,Hospital,Karnataka,Gorakhpur,Network-A,27203.2,30000,0.907,True,False,False
HSP0758,Sastry-Batra Hospital,Hospital,Rajasthan,Bhilwara,Network-B,33478.87,30000,1.116,True,False,False
HSP0759,"Murthy, Arora and Vohra Hospital",Hospital,Haryana,Sonipat,Network-A,35824.37,30000,1.194,True,False,False
HSP0760,"Virk, Chandran and Sant Hospital",Hospital,Rajasthan,Ongole,Network-A,26211.72,30000,0.874,True,False,False
HSP0761,Rajan-Dixit Hospital,Hospital,Kerala,Hyderabad,Out-of-Network,33176.69,30000,1.106,True,False,False
HSP0762,"Dugar, Tiwari and Singh Hospital",Hospital,Telangana,Dehradun,Out-of-Network,29531.77,30000,0.984,True,False,False
HSP0763,Swamy LLC Hospital,Hospital,Uttarakhand,Bathinda,Network-A,34638.69,30000,1.155,True,False,False
HSP0764,Bedi-Tripathi Hospital,Hospital,Rajasthan,Jamalpur,Network-C,31375.27,30000,1.046,True,False,False
HSP0765,"Radhakrishnan, Rau and Keer Hospital",Hospital,Rajasthan,Jaunpur,Network-A,26586.85,30000,0.886,True,False,False
HSP0766,Sem-Chakrabarti Hospital,Hospital,Punjab,Amroha,Network-B,26933.71,30000,0.898,True,False,False
HSP0767,Dani-Tank Hospital,Hospital,Kerala,Kota,Network-B,28916.41,30000,0.964,True,False,False
HSP0768,Sachar-Banik Hospital,Hospital,Telangana,Mysore,Network-B,24195.09,30000,0.807,True,False,False
HSP0769,"Modi, Trivedi and Jhaveri Hospital",Hospital,Uttar Pradesh,Mau,Network-C,34429.1,30000,1.148,True,False,False
HSP0770,Bhagat-Kapoor Hospital,Hospital,Karnataka,Bathinda,Network-C,31305.69,30000,1.044,True,False,False
HSP0771,"Solanki, Patla and Sethi Hospital",Hospital,Gujarat,Jalandhar,Network-A,31911.77,30000,1.064,True,False,False
HSP0772,"Kapadia, Agate and Om Hospital",Hospital,Uttar Pradesh,Jalna,Network-B,26463.12,30000,0.882,True,False,False
HSP0773,"Vig, Prakash and Cherian Hospital",Hospital,Odisha,Dehradun,Out-of-Network,34497.88,30000,1.15,True,False,False
HSP0774,Dey-Rout Hospital,Hospital,Uttar Pradesh,Rohtak,Out-of-Network,29586.0,30000,0.986,False,False,False
HSP0775,"Hayre, Guha and Dara Hospital",Hospital,Bihar,Thrissur,Network-B,27092.25,30000,0.903,True,False,False
HSP0776,Halder-Nigam Hospital,Hospital,West Bengal,Vijayanagaram,Network-A,35512.55,30000,1.184,True,False,False
HSP0777,Dasgupta Group Hospital,Hospital,Rajasthan,Giridih,Network-C,27977.69,30000,0.933,True,False,False
HSP0778,"Desai, Tara and Agrawal Hospital",Hospital,Delhi,Begusarai,Out-of-Network,27621.52,30000,0.921,True,False,False
HSP0779,Subramanian-Trivedi Hospital,Hospital,Tamil Nadu,Adoni,Network-C,29415.59,30000,0.981,True,False,False
HSP0780,Dave Inc Hospital,Hospital,Delhi,Ghaziabad,Network-C,27247.33,30000,0.908,True,False,False
HSP0781,"Nagy, Thaman and Rajagopalan Hospital",Hospital,Delhi,Narasaraopet,Network-B,27975.01,30000,0.933,True,False,False
HSP0782,"Kothari, Mahal and Rao Hospital",Hospital,Gujarat,Durg,Network-A,30500.86,30000,1.017,True,False,False
HSP0783,Deol-Devi Hospital,Hospital,Tamil Nadu,Madanapalle,Out-of-Network,29121.55,30000,0.971,True,False,False
HSP0784,"Vala, Mistry and Murthy Hospital",Hospital,Bihar,Kollam,Network-A,32656.43,30000,1.089,True,False,False
HSP0785,Mannan Ltd Hospital,Hospital,Uttar Pradesh,Mira-Bhayandar,Network-A,33322.88,30000,1.111,True,False,False
HSP0786,"Gokhale, Thakur and Naidu Hospital",Hospital,Karnataka,Nagercoil,Network-A,35952.19,30000,1.198,True,False,False
HSP0787,"Srinivasan, Sahni and Walla Hospital",Hospital,Uttar Pradesh,Bhusawal,Network-C,32820.97,30000,1.094,True,False,False
HSP0788,Virk Inc Hospital,Hospital,Uttar Pradesh,Eluru,Network-A,24009.9,30000,0.8,True,False,False
HSP0789,Bera Ltd Hospital,Hospital,Kerala,Kollam,Network-A,26233.67,30000,0.874,True,False,False
HSP0790,Dyal-Mangat Hospital,Hospital,Bihar,Ulhasnagar,Network-A,34992.32,30000,1.166,True,False,False
HSP0791,Merchant and Sons Hospital,Hospital,West Bengal,Secunderabad,Out-of-Network,25710.86,30000,0.857,True,False,False
HSP0792,Chaudry-Kapur Hospital,Hospital,Punjab,Patiala,Network-C,25154.29,30000,0.838,True,False,False
HSP0793,"Mani, Batta and Raj Hospital",Hospital,Bihar,Erode,Network-C,35839.09,30000,1.195,True,False,False
HSP0794,"Munshi, Bhagat and Arya Hospital",Hospital,Tamil Nadu,Panihati,Out-of-Network,32136.14,30000,1.071,False,False,False
HSP0795,"Savant, Kar and Pillai Hospital",Hospital,Uttar Pradesh,Jammu,Network-B,24052.36,30000,0.802,True,False,False
HSP0796,Sen-Goel Hospital,Hospital,West Bengal,Gaya,Network-B,29898.16,30000,0.997,True,False,False
HSP0797,Varkey Inc Hospital,Hospital,Assam,Thane,Network-A,32724.13,30000,1.091,True,False,False
HSP0798,Mallick-Lalla Hospital,Hospital,Chhattisgarh,Nanded,Network-B,26340.35,30000,0.878,False,False,False
HSP0799,"Kumer, Ahluwalia and Narayanan Hospital",Hospital,Odisha,Bhatpara,Network-C,31774.53,30000,1.059,True,False,False
HSP0800,Dube LLC Hospital,Hospital,Odisha,Tadepalligudem,Network-A,25851.64,30000,0.862,True,False,False
HSP0801,"Mitra, Swaminathan and Parmar Hospital",Hospital,Uttar Pradesh,Ratlam,Out-of-Network,35000.16,30000,1.167,True,False,False
HSP0802,"Kannan, Gour and Verma Hospital",Hospital,West Bengal,Dibrugarh,Network-B,24043.39,30000,0.801,True,False,False
HSP0803,Sagar PLC Hospital,Hospital,Bihar,Tiruchirappalli,Network-A,28220.43,30000,0.941,True,False,False
HSP0804,Kant-Kala Hospital,Hospital,Uttar Pradesh,Bathinda,Network-B,25757.23,30000,0.859,True,False,False
HSP0805,Memon-Kamdar Hospital,Hospital,Kerala,Kishanganj,Network-A,27367.06,30000,0.912,True,False,False
HSP0806,"Andra, Contractor and Pal Hospital",Hospital,Himachal Pradesh,New Delhi,Network-C,33119.12,30000,1.104,True,False,False
HSP0807,"Kohli, Baral and Nagi Hospital",Hospital,Chhattisgarh,Raipur,Network-C,32126.11,30000,1.071,True,False,False
HSP0808,Kunda-Zachariah Hospital,Hospital,Rajasthan,Nagpur,Network-B,29272.2,30000,0.976,True,False,False
HSP0809,"Prasad, Varkey and Trivedi Hospital",Hospital,Maharashtra,Morbi,Network-A,25971.04,30000,0.866,True,False,False
HSP0810,Minhas Ltd Hospital,Hospital,West Bengal,Pondicherry,Network-B,28262.45,30000,0.942,True,False,False
HSP0811,"Butala, Char and Ganesh Hospital",Hospital,Uttar Pradesh,Amritsar,Network-B,35029.92,30000,1.168,True,False,False
HSP0812,Kala Ltd Hospital,Hospital,Bihar,Vasai-Virar,Network-B,28146.44,30000,0.938,True,False,False
HSP0813,Yogi Ltd Hospital,Hospital,Uttar Pradesh,Madurai,Network-B,35656.31,30000,1.189,True,False,False
HSP0814,"Dube, Bajwa and Sharaf Hospital",Hospital,Himachal Pradesh,Agra,Network-B,24447.72,30000,0.815,True,False,False
HSP0815,Borah Inc Hospital,Hospital,Bihar,Chandrapur,Network-B,30783.8,30000,1.026,False,False,False
HSP0816,"Bobal, Kari and Kuruvilla Hospital",Hospital,Bihar,Munger,Network-C,24861.33,30000,0.829,True,False,False
HSP0817,Ravel-Sant Hospital,Hospital,Karnataka,Pune,Network-A,26265.35,30000,0.876,True,False,False
HSP0818,Dani-Warrior Hospital,Hospital,West Bengal,Tadipatri,Network-A,35516.17,30000,1.184,True,False,False
HSP0819,Bath Ltd Hospital,Hospital,Rajasthan,Secunderabad,Network-C,32449.43,30000,1.082,True,False,False
HSP0820,"Cherian, Mann and Mitra Hospital",Hospital,Maharashtra,Ichalkaranji,Network-B,27885.92,30000,0.93,True,False,False
HSP0821,Raj-Rana Hospital,Hospital,Tamil Nadu,Bhalswa Jahangir Pur,Network-A,27307.62,30000,0.91,True,False,False
HSP0822,Walla and Sons Hospital,Hospital,Gujarat,Katni,Network-C,31541.72,30000,1.051,True,False,False
HSP0823,"Merchant, Dhawan and Misra Hospital",Hospital,Bihar,Hyderabad,Network-B,28232.94,30000,0.941,True,False,False
HSP0824,"Dhaliwal, Dasgupta and Barman Hospital",Hospital,Punjab,Chapra,Network-B,29843.78,30000,0.995,True,False,False
HSP0825,"Ramesh, Yogi and Chada Hospital",Hospital,Uttar Pradesh,Bhagalpur,Network-B,29750.67,30000,0.992,False,False,False
HSP0826,"Padmanabhan, Kakar and Sachar Hospital",Hospital,West Bengal,Nanded,Network-B,27071.27,30000,0.902,True,False,False
HSP0827,Kant PLC Hospital,Hospital,Telangana,Jammu,Network-A,24742.63,30000,0.825,False,False,False
HSP0828,Golla Ltd Hospital,Hospital,Punjab,Jamalpur,Network-A,35200.66,30000,1.173,True,False,False
HSP0829,Bora-Mannan Hospital,Hospital,Odisha,Chandrapur,Network-C,27502.73,30000,0.917,True,False,False
HSP0830,Hora Ltd Hospital,Hospital,Telangana,Bathinda,Network-A,25026.69,30000,0.834,True,False,False
HSP0831,Dave-Keer Hospital,Hospital,Andhra Pradesh,Anantapuram,Network-B,32492.17,30000,1.083,True,False,False
HSP0832,"Boase, Hari and Nadkarni Hospital",Hospital,Rajasthan,Hospet,Network-C,28878.03,30000,0.963,True,False,False
HSP0833,Mohan-Dua Hospital,Hospital,Maharashtra,Satna,Network-A,35329.75,30000,1.178,True,False,False
HSP0834,Ganguly-Agrawal Hospital,Hospital,Andhra Pradesh,Shahjahanpur,Network-A,28400.25,30000,0.947,True,False,False
HSP0835,Sarin LLC Hospital,Hospital,Maharashtra,Guntur,Network-C,27508.06,30000,0.917,True,False,False
HSP0836,"Narula, Srinivasan and Shere Hospital",Hospital,Karnataka,Secunderabad,Network-C,25891.22,30000,0.863,True,False,False
HSP0837,Sur-Chopra Hospital,Hospital,Maharashtra,Medininagar,Network-C,33546.3,30000,1.118,True,False,False
HSP0838,Mand and Sons Hospital,Hospital,Uttar Pradesh,Firozabad,Network-B,24394.41,30000,0.813,True,False,False
HSP0839,"Bose, Borra and Bahl Hospital",Hospital,Andhra Pradesh,Amaravati,Network-B,29945.9,30000,0.998,True,False,False
HSP0840,"Ravel, Kala and Bansal Hospital",Hospital,Odisha,Tinsukia,Network-B,32135.31,30000,1.071,True,False,False
HSP0841,"Sodhi, Dixit and Pau Hospital",Hospital,Karnataka,Rajahmundry,Network-B,31021.77,30000,1.034,True,False,False
HSP0842,"Mannan, Desai and Shetty Hospital",Hospital,Karnataka,Sikar,Network-B,32328.54,30000,1.078,True,False,False
HSP0843,Thakkar-Anne Hospital,Hospital,Bihar,Srikakulam,Network-B,34712.47,30000,1.157,False,False,False
HSP0844,"Gandhi, Varkey and Dey Hospital",Hospital,Uttar Pradesh,Kozhikode,Network-A,30086.98,30000,1.003,True,False,False
HSP0845,Dhingra Ltd Hospital,Hospital,Andhra Pradesh,Secunderabad,Out-of-Network,29459.1,30000,0.982,True,False,False
HSP0846,Kanda Group Hospital,Hospital,Jharkhand,Rajkot,Network-C,35068.67,30000,1.169,True,False,False
HSP0847,Pingle-Kaur Hospital,Hospital,Gujarat,Tiruppur,Network-C,30587.74,30000,1.02,True,False,False
HSP0848,"Patel, Rama and Singh Hospital",Hospital,Maharashtra,Ranchi,Network-B,25659.44,30000,0.855,True,False,False
HSP0849,Naik Inc Hospital,Hospital,West Bengal,Firozabad,Network-A,32885.34,30000,1.096,True,False,False
HSP0850,"Ghosh, Puri and Radhakrishnan Hospital",Hospital,Bihar,Dharmavaram,Network-A,32303.49,30000,1.077,True,False,False
HSP0851,"Brahmbhatt, Varughese and Krishnamurthy Hospital",Hospital,Bihar,Rajahmundry,Network-C,30281.09,30000,1.009,True,False,False
HSP0852,"Ravi, Pandit and Pai Hospital",Hospital,Uttar Pradesh,Ongole,Network-C,30190.79,30000,1.006,True,False,False
HSP0853,"Ahuja, Thaker and Dewan Hospital",Hospital,Maharashtra,Dehradun,Network-A,31906.15,30000,1.064,True,False,False
HSP0854,Bose PLC Hospital,Hospital,Maharashtra,Rajpur Sonarpur,Network-A,27594.15,30000,0.92,True,False,False
HSP0855,Grover and Sons Hospital,Hospital,Rajasthan,Madanapalle,Network-C,24687.64,30000,0.823,True,False,False
HSP0856,"Dani, Karpe and Sachdeva Hospital",Hospital,Uttar Pradesh,Raipur,Network-B,31908.05,30000,1.064,True,False,False
HSP0857,Srinivas-Srinivas Hospital,Hospital,Chhattisgarh,Gudivada,Network-B,25036.32,30000,0.835,True,False,False
HSP0858,Roy Inc Hospital,Hospital,Uttarakhand,Varanasi,Network-C,30750.34,30000,1.025,True,False,False
HSP0859,Dyal and Sons Hospital,Hospital,West Bengal,Chapra,Network-A,24911.38,30000,0.83,True,False,False
HSP0860,Bhalla and Sons Hospital,Hospital,Karnataka,Bokaro,Network-B,24085.02,30000,0.803,True,False,False
HSP0861,"Ravi, Bahl and Mander Hospital",Hospital,Haryana,Thrissur,Network-A,24485.18,30000,0.816,True,False,False
HSP0862,Sinha-Subramaniam Hospital,Hospital,Uttar Pradesh,Muzaffarnagar,Network-B,32148.89,30000,1.072,True,False,False
HSP0863,Dhar-Gopal Hospital,Hospital,Karnataka,Rourkela,Network-C,32302.56,30000,1.077,True,False,False
HSP0864,"Oommen, Setty and Biswas Hospital",Hospital,Andhra Pradesh,Burhanpur,Network-A,35890.39,30000,1.196,True,False,False
HSP0865,Deo-Chopra Hospital,Hospital,West Bengal,Panihati,Out-of-Network,24245.32,30000,0.808,True,False,False
HSP0866,"Thaman, Saini and Doctor Hospital",Hospital,Maharashtra,Belgaum,Network-C,24080.59,30000,0.803,True,False,False
HSP0867,Barad-Wali Hospital,Hospital,Telangana,Tiruchirappalli,Network-C,31436.58,30000,1.048,True,False,False
HSP0868,De-Zacharia Hospital,Hospital,Karnataka,Chinsurah,Out-of-Network,29270.55,30000,0.976,True,False,False
HSP0869,"Salvi, Prabhakar and Bassi Hospital",Hospital,Odisha,Berhampur,Network-B,30632.06,30000,1.021,True,False,False
HSP0870,Raj-Palla Hospital,Hospital,Uttar Pradesh,Khandwa,Out-of-Network,35185.32,30000,1.173,True,False,False
HSP0871,Kumar Group Hospital,Hospital,Maharashtra,Gwalior,Network-C,34059.88,30000,1.135,True,False,False
HSP0872,Rege-Kurian Hospital,Hospital,Tamil Nadu,Kolkata,Network-C,32116.73,30000,1.071,True,False,False
HSP0873,"Amble, Virk and Dalal Hospital",Hospital,Gujarat,Gandhinagar,Network-B,31059.22,30000,1.035,False,False,False
HSP0874,"Jha, Mutti and Rege Hospital",Hospital,Uttar Pradesh,Aligarh,Network-C,25549.64,30000,0.852,True,False,False
HSP0875,Sandhu Ltd Hospital,Hospital,Tamil Nadu,Bhilwara,Network-C,28704.51,30000,0.957,True,False,False
HSP0876,"Sampath, Pau and Majumdar Hospital",Hospital,Madhya Pradesh,Kurnool,Network-B,24007.71,30000,0.8,True,False,False
HSP0877,Subramanian-Gola Hospital,Hospital,Telangana,Karaikudi,Network-B,29958.71,30000,0.999,True,False,False
HSP0878,"Sule, Kulkarni and Mohanty Hospital",Hospital,Tamil Nadu,Sikar,Network-B,35508.88,30000,1.184,True,False,False
HSP0879,"Devi, Dani and Karpe Hospital",Hospital,West Bengal,Nanded,Out-of-Network,35026.92,30000,1.168,True,False,False
HSP0880,Kala PLC Hospital,Hospital,Rajasthan,Sonipat,Network-A,30520.22,30000,1.017,True,False,False
HSP0881,"Ben, Dyal and Ramachandran Hospital",Hospital,Maharashtra,Mysore,Network-C,25315.87,30000,0.844,True,False,False
HSP0882,Sinha PLC Hospital,Hospital,Maharashtra,Hubli–Dharwad,Network-B,25303.04,30000,0.843,True,False,False
HSP0883,Lall and Sons Hospital,Hospital,Uttar Pradesh,Vijayawada,Network-B,24584.67,30000,0.819,False,False,False
HSP0884,"Barad, Rajagopalan and Rattan Hospital",Hospital,Maharashtra,Kavali,Network-A,32461.51,30000,1.082,True,False,False
HSP0885,Gill Ltd Hospital,Hospital,Gujarat,Bahraich,Network-B,25853.34,30000,0.862,True,False,False
HSP0886,Jaggi Ltd Hospital,Hospital,Uttar Pradesh,Jammu,Network-B,34630.66,30000,1.154,True,False,False
HSP0887,Uppal PLC Hospital,Hospital,Karnataka,Srikakulam,Network-B,29760.96,30000,0.992,True,False,False
HSP0888,Banik LLC Hospital,Hospital,Bihar,Mumbai,Network-C,34364.18,30000,1.145,True,False,False
HSP0889,Chadha LLC Hospital,Hospital,Karnataka,Nagercoil,Network-B,27509.61,30000,0.917,True,False,False
HSP0890,"Rana, Ravi and Iyer Hospital",Hospital,Maharashtra,Coimbatore,Out-of-Network,31472.3,30000,1.049,True,False,False
HSP0891,Mane Ltd Hospital,Hospital,Tamil Nadu,Sri Ganganagar,Network-B,34854.08,30000,1.162,True,False,False
HSP0892,Kara-Hayer Hospital,Hospital,West Bengal,Sambhal,Network-C,34328.8,30000,1.144,True,False,False
HSP0893,"Agrawal, Lal and Gill Hospital",Hospital,Uttar Pradesh,Guna,Network-B,33143.38,30000,1.105,True,False,False
HSP0894,Bora PLC Hospital,Hospital,Karnataka,Mau,Network-B,27867.84,30000,0.929,True,False,False
HSP0895,Varghese LLC Hospital,Hospital,Uttar Pradesh,Mango,Network-B,32943.37,30000,1.098,True,False,False
HSP0896,Sule-Kohli Hospital,Hospital,Uttar Pradesh,Berhampore,Network-C,28820.39,30000,0.961,True,False,False
HSP0897,"Sharma, Bala and Subramaniam Hospital",Hospital,Uttarakhand,Rampur,Network-C,28685.36,30000,0.956,True,False,False
HSP0898,Raja Ltd Hospital,Hospital,Uttar Pradesh,Berhampur,Network-B,33646.59,30000,1.122,True,False,False
HSP0899,Sachar-Pandit Hospital,Hospital,Uttar Pradesh,Firozabad,Network-A,24532.77,30000,0.818,True,False,False
HSP0900,Mani Inc Hospital,Hospital,Uttar Pradesh,Tiruvottiyur,Network-C,35415.36,30000,1.181,True,False,False
HSP0901,Gokhale Group Hospital,Hospital,Jharkhand,Raichur,Network-A,30014.51,30000,1.0,True,False,False
HSP0902,Luthra and Sons Hospital,Hospital,West Bengal,Panchkula,Network-A,25718.36,30000,0.857,True,False,False
HSP0903,"Iyengar, Keer and Khurana Hospital",Hospital,Gujarat,Tiruppur,Network-A,31872.57,30000,1.062,True,False,False
HSP0904,Jain and Sons Hospital,Hospital,Rajasthan,Bhatpara,Network-C,31230.68,30000,1.041,True,False,False
HSP0905,Dar Inc Hospital,Hospital,Kerala,Srikakulam,Network-A,27847.01,30000,0.928,True,False,False
HSP0906,Basak Group Hospital,Hospital,Rajasthan,Udupi,Network-B,29410.98,30000,0.98,True,False,False
HSP0907,Tailor-Maharaj Hospital,Hospital,Tamil Nadu,South Dumdum,Network-B,34621.95,30000,1.154,True,False,False
HSP0908,"Mammen, Rao and Kapadia Hospital",Hospital,Rajasthan,Meerut,Network-A,25276.66,30000,0.843,True,False,False
HSP0909,"Sampath, Sridhar and Zachariah Hospital",Hospital,Punjab,Ambala,Network-B,31068.25,30000,1.036,True,False,False
HSP0910,Ramesh-Ghosh Hospital,Hospital,Uttar Pradesh,Jamshedpur,Network-A,33654.55,30000,1.122,True,False,False
HSP0911,"Vasa, Sharma and Mutti Hospital",Hospital,Himachal Pradesh,Ahmedabad,Network-A,33790.0,30000,1.126,True,False,False
HSP0912,"Kade, Raghavan and Chaudhuri Hospital",Hospital,Assam,Mirzapur,Network-C,28200.52,30000,0.94,True,False,False
HSP0913,"Lad, Grover and Lall Hospital",Hospital,Haryana,Agartala,Network-C,27567.95,30000,0.919,True,False,False
HSP0914,Oza-Pau Hospital,Hospital,Karnataka,Panchkula,Network-A,27811.86,30000,0.927,True,False,False
HSP0915,Kade-Saini Hospital,Hospital,Delhi,Bharatpur,Network-B,34553.6,30000,1.152,True,False,False
HSP0916,Mammen-Seshadri Hospital,Hospital,Gujarat,Aurangabad,Out-of-Network,34680.18,30000,1.156,True,False,False
HSP0917,Karnik Inc Hospital,Hospital,Gujarat,Noida,Network-B,26534.65,30000,0.884,True,False,False
HSP0918,"Sankaran, Raj and Hayre Hospital",Hospital,Kerala,Jalgaon,Network-B,28319.19,30000,0.944,True,False,False
HSP0919,Andra-Goda Hospital,Hospital,Jharkhand,Panchkula,Network-B,33488.08,30000,1.116,True,False,False
HSP0920,Varughese PLC Hospital,Hospital,Karnataka,Morbi,Network-B,27337.95,30000,0.911,True,False,False
HSP0921,Krishna-Batta Hospital,Hospital,Telangana,Navi Mumbai,Network-A,29108.55,30000,0.97,True,False,False
HSP0922,"Gade, Bhasin and Kale Hospital",Hospital,Delhi,Fatehpur,Network-A,28176.16,30000,0.939,True,False,False
HSP0923,"Char, Sengupta and Natt Hospital",Hospital,Rajasthan,Karimnagar,Network-B,24466.93,30000,0.816,True,False,False
HSP0924,Kurian-Padmanabhan Hospital,Hospital,Bihar,Bulandshahr,Network-B,33023.41,30000,1.101,True,False,False
HSP0925,Panchal Ltd Hospital,Hospital,Jharkhand,Gangtok,Network-A,24297.33,30000,0.81,True,False,False
HSP0926,"Yohannan, Ghosh and Mane Hospital",Hospital,Uttar Pradesh,Anantapur,Network-A,30888.67,30000,1.03,True,False,False
HSP0927,"Uppal, Sura and Sekhon Hospital",Hospital,Assam,Eluru,Network-A,27975.32,30000,0.933,True,False,False
HSP0928,"Mangat, Sheth and Dhillon Hospital",Hospital,Maharashtra,Naihati,Network-C,34411.17,30000,1.147,True,False,False
HSP0929,Ravel-Bora Hospital,Hospital,West Bengal,Nanded,Network-C,34226.15,30000,1.141,True,False,False
HSP0930,Kari-Murthy Hospital,Hospital,Telangana,Jalna,Network-C,35216.2,30000,1.174,True,False,False
HSP0931,"Loke, Rana and Madan Hospital",Hospital,Rajasthan,Mirzapur,Network-B,34212.44,30000,1.14,True,False,False
HSP0932,"Verma, Seshadri and Sachdev Hospital",Hospital,Uttar Pradesh,Udaipur,Network-C,35542.63,30000,1.185,True,False,False
HSP0933,Dass Ltd Hospital,Hospital,Tamil Nadu,Chandrapur,Network-C,35235.34,30000,1.175,True,False,False
HSP0934,"Buch, Kade and Ganesan Hospital",Hospital,Odisha,Kota,Network-B,26007.49,30000,0.867,True,False,False
HSP0935,Bhatt Group Hospital,Hospital,Haryana,Indore,Network-C,33549.54,30000,1.118,True,False,False
HSP0936,Viswanathan-Chacko Hospital,Hospital,Gujarat,Firozabad,Network-A,34277.95,30000,1.143,True,False,False
HSP0937,"Dugal, Chad and Ramakrishnan Hospital",Hospital,Bihar,Berhampur,Network-C,27002.05,30000,0.9,True,False,False
HSP0938,Mander Group Hospital,Hospital,Karnataka,Mira-Bhayandar,Network-A,25018.3,30000,0.834,True,False,False
HSP0939,"Garde, Balakrishnan and Banerjee Hospital",Hospital,Maharashtra,Anantapur,Network-C,29575.23,30000,0.986,True,False,False
HSP0940,Sibal-Zachariah Hospital,Hospital,Haryana,Motihari,Network-B,35134.17,30000,1.171,True,False,False
HSP0941,Deshmukh-Zacharia Hospital,Hospital,West Bengal,Gudivada,Network-B,25060.68,30000,0.835,True,False,False
HSP0942,"Shan, Saran and Viswanathan Hospital",Hospital,Assam,Sri Ganganagar,Network-C,30150.63,30000,1.005,True,False,False
HSP0943,Zacharia-Karan Hospital,Hospital,Tamil Nadu,Mango,Network-C,35278.47,30000,1.176,True,False,False
HSP0944,Pau-Sachar Hospital,Hospital,Tamil Nadu,Bhatpara,Network-C,33509.1,30000,1.117,True,False,False
HSP0945,Anne-Acharya Hospital,Hospital,Tamil Nadu,Hapur,Network-A,33096.25,30000,1.103,True,False,False
HSP0946,Singh-Warrior Hospital,Hospital,Bihar,Pallavaram,Network-C,35195.76,30000,1.173,True,False,False
HSP0947,Mistry-Andra Hospital,Hospital,Maharashtra,Jalna,Out-of-Network,35522.71,30000,1.184,True,False,False
HSP0948,"Kashyap, Amble and Prakash Hospital",Hospital,Karnataka,Bulandshahr,Network-C,26658.7,30000,0.889,True,False,False
HSP0949,"Sarkar, Rana and Krish Hospital",Hospital,Andhra Pradesh,Pali,Network-A,30747.95,30000,1.025,True,False,False
HSP0950,Kannan-Lall Hospital,Hospital,Rajasthan,Bhusawal,Network-C,28983.38,30000,0.966,True,False,False
HSP0951,"Khatri, Varughese and Magar Hospital",Hospital,Andhra Pradesh,Katihar,Network-A,27748.65,30000,0.925,True,False,False
HSP0952,Sachar-Guha Hospital,Hospital,Andhra Pradesh,South Dumdum,Network-A,31993.19,30000,1.066,True,False,False
HSP0953,Mann Inc Hospital,Hospital,West Bengal,Tadipatri,Network-C,30813.07,30000,1.027,True,False,False
HSP0954,Magar-Swamy Hospital,Hospital,Odisha,Pondicherry,Network-A,29170.62,30000,0.972,True,False,False
HSP0955,Doshi Inc Hospital,Hospital,Madhya Pradesh,Gaya,Network-B,32229.97,30000,1.074,True,False,False
HSP0956,Manda LLC Hospital,Hospital,Uttar Pradesh,Bahraich,Network-C,30460.14,30000,1.015,False,False,False
HSP0957,"Anand, Kaul and Chana Hospital",Hospital,Telangana,Kanpur,Network-B,27248.89,30000,0.908,True,False,False
HSP0958,Kalla-Oommen Hospital,Hospital,West Bengal,Bijapur,Network-C,29710.95,30000,0.99,True,False,False
HSP0959,Prabhu-Sheth Hospital,Hospital,Madhya Pradesh,Bathinda,Network-B,27483.71,30000,0.916,True,False,False
HSP0960,Dhingra Inc Hospital,Hospital,Tamil Nadu,Katni,Network-A,33540.33,30000,1.118,True,False,False
HSP0961,Singhal and Sons Hospital,Hospital,Tamil Nadu,Chandrapur,Network-C,31831.54,30000,1.061,True,False,False
HSP0962,Arora-Dara Hospital,Hospital,West Bengal,Kharagpur,Network-B,32787.83,30000,1.093,True,False,False
HSP0963,Kota-Bandi Hospital,Hospital,Gujarat,Jaunpur,Network-B,29088.21,30000,0.97,True,False,False
HSP0964,"Chandra, Verma and Joshi Hospital",Hospital,Kerala,Pali,Network-B,31246.37,30000,1.042,True,False,False
HSP0965,"Muni, Naidu and Dutt Hospital",Hospital,Uttar Pradesh,Jamalpur,Network-B,32474.93,30000,1.082,True,False,False
HSP0966,"Das, Kulkarni and Srivastava Hospital",Hospital,Maharashtra,Davanagere,Network-A,32110.92,30000,1.07,True,False,False
HSP0967,Ben-Kamdar Hospital,Hospital,West Bengal,Noida,Network-B,30765.67,30000,1.026,True,False,False
HSP0968,"Saraf, Nair and Aurora Hospital",Hospital,Rajasthan,Bally,Network-B,28447.54,30000,0.948,True,False,False
HSP0969,"Dar, Randhawa and Kibe Hospital",Hospital,Bihar,Kalyan-Dombivli,Network-A,35988.48,30000,1.2,True,False,False
HSP0970,"Soman, Dubey and Prabhu Hospital",Hospital,Andhra Pradesh,Kulti,Out-of-Network,24239.76,30000,0.808,True,False,False
HSP0971,Tata Inc Hospital,Hospital,Tamil Nadu,Allahabad,Out-of-Network,32554.64,30000,1.085,True,False,False
HSP0972,Parekh Ltd Hospital,Hospital,West Bengal,Jorhat,Network-A,35842.71,30000,1.195,True,False,False
HSP0973,Dass Group Hospital,Hospital,West Bengal,Ratlam,Network-B,25709.5,30000,0.857,True,False,False
HSP0974,"Palan, Sarna and Hans Hospital",Hospital,Maharashtra,Burhanpur,Network-B,35095.43,30000,1.17,True,False,False
HSP0975,Desai-Krishna Hospital,Hospital,Karnataka,Shivpuri,Network-B,25601.95,30000,0.853,True,False,False
HSP0976,"Sarma, Menon and Suri Hospital",Hospital,Chhattisgarh,Tezpur,Network-C,32458.48,30000,1.082,True,False,False
HSP0977,Pall LLC Hospital,Hospital,Kerala,Panipat,Network-C,33754.86,30000,1.125,True,False,False
HSP0978,"Dyal, Biswas and Wali Hospital",Hospital,Odisha,Hospet,Network-C,30135.67,30000,1.005,True,False,False
HSP0979,Lall-Peri Hospital,Hospital,Uttar Pradesh,Mumbai,Network-B,28750.95,30000,0.958,True,False,False
HSP0980,"Toor, Raghavan and Goyal Hospital",Hospital,Maharashtra,Udupi,Network-B,31925.53,30000,1.064,True,False,False
HSP0981,Khare-Nagi Hospital,Hospital,Gujarat,Siwan,Network-C,28152.01,30000,0.938,True,False,False
HSP0982,Gupta-Viswanathan Hospital,Hospital,Gujarat,Suryapet,Network-B,30439.38,30000,1.015,True,False,False
HSP0983,Mandal LLC Hospital,Hospital,Bihar,Pondicherry,Out-of-Network,30377.14,30000,1.013,True,False,False
HSP0984,Char PLC Hospital,Hospital,Maharashtra,Varanasi,Network-A,29965.09,30000,0.999,True,False,False
HSP0985,Gokhale Inc Hospital,Hospital,Karnataka,Aligarh,Network-C,29972.37,30000,0.999,True,False,False
HSP0986,Handa-Chaudhary Hospital,Hospital,Bihar,Aurangabad,Network-A,26290.62,30000,0.876,True,False,False
HSP0987,"Rama, Suri and Vora Hospital",Hospital,Delhi,Dhanbad,Network-C,26517.13,30000,0.884,True,False,False
HSP0988,Kant-Bobal Hospital,Hospital,Uttar Pradesh,Dhule,Network-B,29105.07,30000,0.97,True,False,False
HSP0989,"Swamy, Buch and Sidhu Hospital",Hospital,West Bengal,Karimnagar,Network-C,24827.27,30000,0.828,True,False,False
HSP0990,"Sagar, Pillay and Bhardwaj Hospital",Hospital,West Bengal,Dehri,Out-of-Network,25272.03,30000,0.842,True,False,False
HSP0991,Bobal LLC Hospital,Hospital,Karnataka,Thrissur,Network-A,32337.58,30000,1.078,True,False,False
HSP0992,"Chatterjee, Chaudhuri and Kashyap Hospital",Hospital,Karnataka,Jhansi,Network-A,29975.61,30000,0.999,True,False,False
HSP0993,Vora Ltd Hospital,Hospital,Maharashtra,Jehanabad,Network-A,35446.2,30000,1.182,True,False,False
HSP0994,"Gola, Sagar and Cherian Hospital",Hospital,Maharashtra,Berhampore,Network-A,24916.34,30000,0.831,True,False,False
HSP0995,"Sane, Chawla and Ganesan Hospital",Hospital,Assam,Jamalpur,Network-A,29921.81,30000,0.997,True,False,False
HSP0996,Thaman-Nazareth Hospital,Hospital,Bihar,Deoghar,Network-B,30974.96,30000,1.032,True,False,False
HSP0997,"Savant, Pandey and Murty Hospital",Hospital,Kerala,Serampore,Network-A,26641.57,30000,0.888,True,False,False
HSP0998,Sani-Naik Hospital,Hospital,West Bengal,Phusro,Out-of-Network,35755.46,30000,1.192,True,False,False
HSP0999,"Kala, Prashad and Kumar Hospital",Hospital,Bihar,Bidhannagar,Network-B,26852.57,30000,0.895,False,False,False
HSP1000,Ranganathan-Acharya Hospital,Hospital,Bihar,Anantapuram,Network-B,28075.95,30000,0.936,True,False,False
GRG0001,"Babu, Vasa and Deshmukh Garage",Garage,Tamil Nadu,Chennai,Network-B,13688.97,12000,1.141,True,False,True
GRG0002,Kapadia-Kala Garage,Garage,Meghalaya,Lucknow,Network-A,11977.44,12000,0.998,True,False,True
GRG0003,"Majumdar, Vaidya and Dubey Garage",Garage,Delhi,Agra,Network-C,10866.17,12000,0.906,True,False,True
GRG0004,Parekh-Dugal Garage,Garage,West Bengal,Bilaspur,Network-A,12312.71,12000,1.026,True,False,True
GRG0005,Krish-Kaul Garage,Garage,Haryana,Dewas,Network-B,10021.14,12000,0.835,True,False,True
GRG0006,Ratta PLC Garage,Garage,Gujarat,Solapur,Network-A,11111.42,12000,0.926,True,False,False
GRG0007,"Nair, Subramanian and Ghose Garage",Garage,Uttar Pradesh,Gangtok,Out-of-Network,12729.42,12000,1.061,True,False,False
GRG0008,Mital Inc Garage,Garage,Maharashtra,Vijayawada,Out-of-Network,12052.21,12000,1.004,True,False,False
GRG0009,Natt LLC Garage,Garage,Rajasthan,Erode,Network-B,10195.3,12000,0.85,True,False,False
GRG0010,Karan Ltd Garage,Garage,Karnataka,Eluru,Network-C,11418.44,12000,0.952,True,False,False
GRG0011,Mody PLC Garage,Garage,Maharashtra,Imphal,Network-C,10249.35,12000,0.854,True,False,False
GRG0012,"Doctor, Narain and Thakkar Garage",Garage,Maharashtra,Jamnagar,Network-B,10759.15,12000,0.897,True,False,False
GRG0013,Ramaswamy Group Garage,Garage,Kerala,Korba,Network-C,14158.09,12000,1.18,True,False,False
GRG0014,Mann-Ramesh Garage,Garage,Odisha,Mira-Bhayandar,Network-B,13575.33,12000,1.131,True,False,False
GRG0015,Butala-Soni Garage,Garage,Jharkhand,Motihari,Out-of-Network,11496.55,12000,0.958,True,False,False
GRG0016,Lala-Chada Garage,Garage,West Bengal,Orai,Network-C,10375.44,12000,0.865,True,False,False
GRG0017,De-Deshmukh Garage,Garage,Bihar,Karaikudi,Network-C,10950.31,12000,0.913,True,False,False
GRG0018,Sura Group Garage,Garage,Uttar Pradesh,Kishanganj,Network-A,11485.72,12000,0.957,True,False,False
GRG0019,"Viswanathan, Koshy and Kibe Garage",Garage,Madhya Pradesh,Shimoga,Network-A,9739.54,12000,0.812,True,False,False
GRG0020,Naik-Chakraborty Garage,Garage,Rajasthan,Haridwar,Network-B,10349.96,12000,0.862,True,False,False
GRG0021,Pau-Pall Garage,Garage,Kerala,Pondicherry,Network-B,13100.5,12000,1.092,True,False,False
GRG0022,Bajwa-Mody Garage,Garage,Meghalaya,Etawah,Out-of-Network,12188.52,12000,1.016,True,False,False
GRG0023,"Sathe, Dhingra and Sastry Garage",Garage,Bihar,Muzaffarpur,Network-A,10084.57,12000,0.84,True,False,False
GRG0024,Prakash and Sons Garage,Garage,Uttar Pradesh,Gorakhpur,Network-A,10652.5,12000,0.888,True,False,False
GRG0025,"Bhagat, Kibe and Divan Garage",Garage,Punjab,Kanpur,Network-C,12896.42,12000,1.075,True,False,False
GRG0026,Choudhry-Mody Garage,Garage,Jharkhand,Chittoor,Network-C,12286.67,12000,1.024,True,False,False
GRG0027,Narula and Sons Garage,Garage,Uttar Pradesh,Kurnool,Network-A,13017.6,12000,1.085,True,False,False
GRG0028,"Virk, Kuruvilla and Subramanian Garage",Garage,Uttarakhand,Surat,Network-B,11143.79,12000,0.929,True,False,False
GRG0029,Vyas-Bassi Garage,Garage,Uttar Pradesh,Tirunelveli,Network-B,13285.72,12000,1.107,True,False,False
GRG0030,Mander and Sons Garage,Garage,Punjab,Meerut,Network-C,11126.33,12000,0.927,True,False,False
GRG0031,Anand-Bhavsar Garage,Garage,West Bengal,Gopalpur,Network-C,13857.79,12000,1.155,True,False,False
GRG0032,"Parsa, Chokshi and Bahl Garage",Garage,West Bengal,Kharagpur,Network-A,12090.1,12000,1.008,True,False,False
GRG0033,Rai PLC Garage,Garage,Uttar Pradesh,Satna,Out-of-Network,13109.47,12000,1.092,True,False,False
GRG0034,Wali-Chakrabarti Garage,Garage,Madhya Pradesh,Davanagere,Network-B,12044.64,12000,1.004,False,False,False
GRG0035,"Shankar, Bains and Baral Garage",Garage,Maharashtra,Bettiah,Network-C,13004.52,12000,1.084,True,False,False
GRG0036,Nath-Suri Garage,Garage,Madhya Pradesh,Sangli-Miraj & Kupwad,Network-B,9760.72,12000,0.813,True,False,False
GRG0037,Palan Ltd Garage,Garage,Maharashtra,Raichur,Network-B,9749.96,12000,0.812,True,False,False
GRG0038,"Mittal, Keer and Thaker Garage",Garage,Maharashtra,Ghaziabad,Network-B,10799.94,12000,0.9,True,False,False
GRG0039,"Kurian, Ram and Balan Garage",Garage,Maharashtra,Kamarhati,Network-B,12388.18,12000,1.032,False,False,False
GRG0040,Om Group Garage,Garage,Uttar Pradesh,Chandigarh,Network-A,11764.44,12000,0.98,True,False,False
GRG0041,"Raja, Verma and Karan Garage",Garage,Maharashtra,New Delhi,Network-B,13728.03,12000,1.144,True,False,False
GRG0042,"Dua, Sandhu and Muni Garage",Garage,Rajasthan,Sultan Pur Majra,Network-A,9693.15,12000,0.808,True,False,False
GRG0043,"Deep, Jhaveri and Devi Garage",Garage,Manipur,Durgapur,Network-B,14217.67,12000,1.185,True,False,False
GRG0044,Viswanathan-Deshmukh Garage,Garage,West Bengal,Ulhasnagar,Network-B,13387.46,12000,1.116,True,False,False
GRG0045,"Dugar, Nadkarni and Bir Garage",Garage,Rajasthan,Udaipur,Out-of-Network,12739.14,12000,1.062,True,False,False
GRG0046,Dhingra-Balan Garage,Garage,Telangana,Haridwar,Network-A,12957.23,12000,1.08,True,False,False
GRG0047,Mitter-Savant Garage,Garage,Uttarakhand,Saharanpur,Network-C,10099.85,12000,0.842,True,False,False
GRG0048,Chhabra and Sons Garage,Garage,Bihar,Indore,Network-B,9987.7,12000,0.832,True,False,False
GRG0049,"Loke, Kashyap and Kata Garage",Garage,Odisha,Indore,Network-C,10943.02,12000,0.912,True,False,False
GRG0050,Buch-Sood Garage,Garage,Bihar,Ambala,Network-C,10440.02,12000,0.87,True,False,False
GRG0051,"Singh, Prakash and Gour Garage",Garage,Gujarat,Pallavaram,Network-C,10107.91,12000,0.842,True,False,False
GRG0052,Devan-Gade Garage,Garage,Telangana,Kamarhati,Network-C,10512.29,12000,0.876,True,False,False
GRG0053,Rege Inc Garage,Garage,Maharashtra,Haridwar,Network-A,12956.5,12000,1.08,True,False,False
GRG0054,Jain and Sons Garage,Garage,Maharashtra,Belgaum,Network-A,12324.24,12000,1.027,True,False,False
GRG0055,Suri-Nair Garage,Garage,Tamil Nadu,Shahjahanpur,Network-A,14284.29,12000,1.19,True,False,False
GRG0056,Ravel-Barman Garage,Garage,Delhi,Satara,Network-A,11205.42,12000,0.934,True,False,False
GRG0057,Yadav-Vohra Garage,Garage,Gujarat,Saharsa,Network-C,12495.38,12000,1.041,True,False,False
GRG0058,Seth Group Garage,Garage,Odisha,Sambalpur,Network-B,14285.76,12000,1.19,False,False,False
GRG0059,"Yogi, Randhawa and Baral Garage",Garage,Telangana,Hazaribagh,Network-C,9922.38,12000,0.827,True,False,False
GRG0060,"Bawa, Gupta and Manne Garage",Garage,Madhya Pradesh,Sikar,Network-C,12177.6,12000,1.015,True,False,False
GRG0061,Mangal-Shenoy Garage,Garage,Uttar Pradesh,Bhusawal,Network-C,11886.17,12000,0.991,True,False,False
GRG0062,Bhagat-Varughese Garage,Garage,Telangana,Madhyamgram,Network-B,13701.55,12000,1.142,False,False,False
GRG0063,"Seth, Chana and Tella Garage",Garage,Gujarat,Bokaro,Network-C,11233.24,12000,0.936,True,False,False
GRG0064,"Deshmukh, Ramaswamy and Sachdev Garage",Garage,Delhi,Hospet,Network-B,13661.67,12000,1.138,True,False,False
GRG0065,Gola Group Garage,Garage,Andhra Pradesh,Malda,Network-B,14189.7,12000,1.182,True,False,False
GRG0066,Krishna LLC Garage,Garage,West Bengal,Amravati,Network-C,10959.05,12000,0.913,True,False,False
GRG0067,Comar Ltd Garage,Garage,Tamil Nadu,Mirzapur,Network-B,11630.0,12000,0.969,True,False,False
GRG0068,Viswanathan Ltd Garage,Garage,Uttar Pradesh,Sasaram,Network-C,14391.63,12000,1.199,True,False,False
GRG0069,"Dutta, Radhakrishnan and Rai Garage",Garage,Uttar Pradesh,Tirunelveli,Network-C,10615.69,12000,0.885,False,False,False
GRG0070,Doctor-Gaba Garage,Garage,Madhya Pradesh,Mangalore,Network-C,10987.7,12000,0.916,True,False,False
GRG0071,"Behl, Saini and Morar Garage",Garage,Andhra Pradesh,Amroha,Network-B,12554.48,12000,1.046,True,False,False
GRG0072,Golla-Dalal Garage,Garage,Uttar Pradesh,Panihati,Network-A,13967.01,12000,1.164,True,False,False
GRG0073,Kulkarni Inc Garage,Garage,West Bengal,Mehsana,Network-C,10004.86,12000,0.834,True,False,False
GRG0074,Ahluwalia-Tak Garage,Garage,Bihar,Bellary,Network-B,13485.98,12000,1.124,True,False,False
GRG0075,"Soni, Setty and Rout Garage",Garage,Maharashtra,Vijayawada,Network-B,12158.59,12000,1.013,True,False,False
GRG0076,"Ahuja, Konda and Mall Garage",Garage,Maharashtra,Dhanbad,Network-C,14387.09,12000,1.199,True,False,False
GRG0077,Divan Inc Garage,Garage,Andhra Pradesh,Vadodara,Network-A,12256.87,12000,1.021,True,False,False
GRG0078,Bali Ltd Garage,Garage,West Bengal,Bathinda,Network-C,12097.7,12000,1.008,True,False,False
GRG0079,Bawa Inc Garage,Garage,Haryana,Mangalore,Network-C,9614.69,12000,0.801,True,False,False
GRG0080,Mane PLC Garage,Garage,West Bengal,Sirsa,Network-C,13697.44,12000,1.141,True,False,False
GRG0081,"Parsa, Banik and Chander Garage",Garage,Uttar Pradesh,North Dumdum,Network-B,12568.99,12000,1.047,True,False,False
GRG0082,Raghavan-Bir Garage,Garage,Gujarat,Jamalpur,Network-B,9882.25,12000,0.824,True,False,False
GRG0083,Master Group Garage,Garage,Uttar Pradesh,Bhilai,Out-of-Network,10088.49,12000,0.841,True,False,False
GRG0084,"Maharaj, Narayan and Vyas Garage",Garage,Bihar,Loni,Network-B,13633.2,12000,1.136,True,False,False
GRG0085,Kadakia PLC Garage,Garage,Andhra Pradesh,Moradabad,Network-A,12054.1,12000,1.005,True,False,False
GRG0086,"Wadhwa, Chahal and Sule Garage",Garage,Bihar,Purnia,Network-A,12329.02,12000,1.027,True,False,False
GRG0087,"Nadig, Lad and Vora Garage",Garage,Telangana,Bikaner,Out-of-Network,13276.96,12000,1.106,True,False,False
GRG0088,"Taneja, Venkatesh and Tank Garage",Garage,Maharashtra,Bokaro,Network-C,10477.94,12000,0.873,True,False,False
GRG0089,"Kaul, Mannan and Hari Garage",Garage,Rajasthan,Kochi,Network-A,13883.91,12000,1.157,True,False,False
GRG0090,Shroff Ltd Garage,Garage,West Bengal,Dhule,Network-B,11933.56,12000,0.994,True,False,False
GRG0091,"Sachdeva, Sachdev and Bath Garage",Garage,Haryana,Etawah,Network-B,12765.44,12000,1.064,True,False,False
GRG0092,"Kala, Apte and Jaggi Garage",Garage,Telangana,Rohtak,Network-A,11881.6,12000,0.99,True,False,False
GRG0093,Morar LLC Garage,Garage,Chhattisgarh,Chennai,Network-B,10963.23,12000,0.914,True,False,False
GRG0094,Nath LLC Garage,Garage,Maharashtra,Jehanabad,Network-A,12434.58,12000,1.036,True,False,False
GRG0095,"Balakrishnan, Gill and Hari Garage",Garage,Telangana,Sonipat,Network-A,13902.17,12000,1.159,False,False,False
GRG0096,"Srinivas, Som and Banik Garage",Garage,Maharashtra,Ongole,Network-B,10680.37,12000,0.89,True,False,False
GRG0097,Sharma PLC Garage,Garage,Uttar Pradesh,Surendranagar Dudhrej,Out-of-Network,11055.59,12000,0.921,True,False,False
GRG0098,Bhalla-Verma Garage,Garage,Telangana,Buxar,Network-B,10564.88,12000,0.88,True,False,False
GRG0099,"Mutti, Wason and Bahl Garage",Garage,Maharashtra,Gangtok,Network-C,11324.83,12000,0.944,True,False,False
GRG0100,"Narula, Pandya and Bhatti Garage",Garage,Delhi,Parbhani,Network-C,10353.65,12000,0.863,True,False,False
GRG0101,Nori Group Garage,Garage,Uttar Pradesh,Aurangabad,Network-C,9693.23,12000,0.808,True,False,False
GRG0102,"Ramachandran, Grover and Dada Garage",Garage,Maharashtra,Satna,Network-B,14012.27,12000,1.168,True,False,False
GRG0103,"Balay, Magar and Sachdev Garage",Garage,Uttar Pradesh,Mehsana,Network-A,11382.15,12000,0.949,True,False,False
GRG0104,Prabhu Group Garage,Garage,Telangana,Thrissur,Network-A,10833.7,12000,0.903,True,False,False
GRG0105,"Mittal, Gill and Choudhury Garage",Garage,Manipur,Agra,Network-A,9610.73,12000,0.801,True,False,False
GRG0106,Chanda Group Garage,Garage,Karnataka,Karawal Nagar,Network-A,12545.25,12000,1.045,True,False,False
GRG0107,"Dube, Gupta and Oak Garage",Garage,Punjab,Loni,Network-B,10496.38,12000,0.875,True,False,False
GRG0108,Narang-Dhar Garage,Garage,Gujarat,Hazaribagh,Network-A,11079.01,12000,0.923,True,False,False
GRG0109,"Deo, Jha and Bansal Garage",Garage,Uttar Pradesh,Munger,Network-B,12364.0,12000,1.03,True,False,False
GRG0110,"Vig, D’Alia and Agrawal Garage",Garage,Uttar Pradesh,Varanasi,Network-A,11022.66,12000,0.919,True,False,False
GRG0111,"Chahal, Nath and Sibal Garage",Garage,Andhra Pradesh,Kota,Network-B,13813.99,12000,1.151,True,False,False
GRG0112,"Muni, Bajaj and Muni Garage",Garage,Bihar,Pondicherry,Network-B,11430.47,12000,0.953,True,False,False
GRG0113,Hans LLC Garage,Garage,Odisha,Katihar,Network-A,13642.76,12000,1.137,True,False,False
GRG0114,Sastry-Dalal Garage,Garage,Rajasthan,Jalgaon,Network-C,12134.3,12000,1.011,True,False,False
GRG0115,Mahal Inc Garage,Garage,Chhattisgarh,Karaikudi,Network-B,9815.72,12000,0.818,True,False,False
GRG0116,"Chaudry, Jhaveri and Palla Garage",Garage,Madhya Pradesh,Gopalpur,Network-B,11170.42,12000,0.931,True,False,False
GRG0117,Mander PLC Garage,Garage,Delhi,Tirunelveli,Network-A,10394.55,12000,0.866,True,False,False
GRG0118,Mukhopadhyay PLC Garage,Garage,West Bengal,Panvel,Network-A,13946.96,12000,1.162,True,False,False
GRG0119,Bedi-De Garage,Garage,Rajasthan,Chittoor,Network-A,11979.14,12000,0.998,True,False,False
GRG0120,"Bedi, Cherian and Rajagopal Garage",Garage,Manipur,Chandigarh,Network-A,13576.79,12000,1.131,True,False,False
GRG0121,Ramanathan-Gola Garage,Garage,Maharashtra,Tadepalligudem,Network-C,13393.98,12000,1.116,True,False,False
GRG0122,Muni-Natarajan Garage,Garage,Uttar Pradesh,Deoghar,Network-B,13323.99,12000,1.11,True,False,False
GRG0123,Shroff PLC Garage,Garage,Jharkhand,Tiruchirappalli,Network-B,12119.63,12000,1.01,True,False,False
GRG0124,"Sidhu, Chatterjee and Shah Garage",Garage,West Bengal,Kirari Suleman Nagar,Network-A,10902.66,12000,0.909,True,False,False
GRG0125,Kata-Kapur Garage,Garage,Maharashtra,Tadepalligudem,Network-B,13709.74,12000,1.142,True,False,False
GRG0126,Patla-Ramanathan Garage,Garage,Andhra Pradesh,Bathinda,Network-B,12566.75,12000,1.047,True,False,False
GRG0127,Setty-Sura Garage,Garage,Bihar,Amritsar,Network-B,11575.95,12000,0.965,True,False,False
GRG0128,Chowdhury-Panchal Garage,Garage,Uttar Pradesh,Surendranagar Dudhrej,Network-B,12427.14,12000,1.036,True,False,False
GRG0129,Mandal LLC Garage,Garage,Uttar Pradesh,Danapur,Network-A,10148.46,12000,0.846,True,False,False
GRG0130,Ravi Ltd Garage,Garage,Maharashtra,Anantapur,Network-B,13263.3,12000,1.105,True,False,False
GRG0131,"Bobal, Mittal and Walia Garage",Garage,Bihar,Rewa,Network-B,13312.22,12000,1.109,True,False,False
GRG0132,"Sachdev, Khare and Kohli Garage",Garage,Telangana,Ongole,Network-B,13076.12,12000,1.09,True,False,False
GRG0133,Bhatti-Oak Garage,Garage,Gujarat,Gudivada,Network-B,13298.92,12000,1.108,True,False,False
GRG0134,Saran-Oommen Garage,Garage,Rajasthan,Malegaon,Network-B,12015.16,12000,1.001,True,False,False
GRG0135,"Brahmbhatt, Sur and Contractor Garage",Garage,Tamil Nadu,Anantapur,Network-C,10278.87,12000,0.857,True,False,False
GRG0136,"Chatterjee, Saxena and Goda Garage",Garage,Assam,Machilipatnam,Network-A,14350.36,12000,1.196,True,False,False
GRG0137,Chopra Ltd Garage,Garage,Kerala,Khammam,Network-B,14304.06,12000,1.192,True,False,False
GRG0138,Bhat-Chana Garage,Garage,Telangana,Kolhapur,Network-B,9938.35,12000,0.828,True,False,False
GRG0139,"Acharya, Din and Dixit Garage",Garage,Andhra Pradesh,Katihar,Network-C,10801.81,12000,0.9,True,False,False
GRG0140,Ramakrishnan-Sekhon Garage,Garage,Uttar Pradesh,Tiruppur,Network-C,9717.52,12000,0.81,True,False,False
GRG0141,"Nadig, Mistry and Modi Garage",Garage,West Bengal,Hapur,Network-A,10916.35,12000,0.91,True,False,False
GRG0142,Anand PLC Garage,Garage,Delhi,Warangal,Network-C,13224.13,12000,1.102,False,False,False
GRG0143,Bhatia-Pingle Garage,Garage,Odisha,Mumbai,Network-B,11056.53,12000,0.921,True,False,False
GRG0144,"Parmer, Choudhary and Manda Garage",Garage,Delhi,Noida,Network-B,13673.61,12000,1.139,True,False,False
GRG0145,Ramesh-Nadkarni Garage,Garage,Uttar Pradesh,Machilipatnam,Network-A,11948.3,12000,0.996,True,False,False
GRG0146,Saran-Kakar Garage,Garage,Tamil Nadu,Fatehpur,Network-C,13679.32,12000,1.14,True,False,False
GRG0147,Guha PLC Garage,Garage,Tamil Nadu,Karimnagar,Network-C,12027.64,12000,1.002,True,False,False
GRG0148,Dube-Mani Garage,Garage,Rajasthan,Guntur,Network-C,10730.17,12000,0.894,True,False,False
GRG0149,Bora Ltd Garage,Garage,Telangana,Asansol,Network-A,10614.43,12000,0.885,True,False,False
GRG0150,"Sur, Sarkar and Deshpande Garage",Garage,Maharashtra,Durgapur,Network-A,11191.03,12000,0.933,True,False,False
GRG0151,"Sagar, Shah and Sandal Garage",Garage,Rajasthan,Malda,Out-of-Network,14335.63,12000,1.195,True,False,False
GRG0152,"Samra, Sengupta and Rajagopalan Garage",Garage,Tamil Nadu,Kamarhati,Network-B,13714.36,12000,1.143,True,False,False
GRG0153,Samra PLC Garage,Garage,Bihar,Gangtok,Out-of-Network,13747.87,12000,1.146,True,False,False
GRG0154,Khalsa-Thaker Garage,Garage,Tamil Nadu,Bulandshahr,Network-B,11151.02,12000,0.929,True,False,False
GRG0155,"Peri, Bandi and Barad Garage",Garage,Bihar,Arrah,Network-B,11743.66,12000,0.979,True,False,False
GRG0156,Subramaniam Ltd Garage,Garage,Gujarat,Ajmer,Out-of-Network,12665.24,12000,1.055,True,False,False
GRG0157,"Vyas, Mammen and Shroff Garage",Garage,Bihar,Nagaon,Network-C,13677.42,12000,1.14,True,False,False
GRG0158,"Chakrabarti, Korpal and Sodhi Garage",Garage,Gujarat,Panvel,Network-B,10910.08,12000,0.909,True,False,False
GRG0159,"Muni, Bera and Oza Garage",Garage,Karnataka,Nandyal,Network-B,12712.86,12000,1.059,True,False,False
GRG0160,Vala-Singh Garage,Garage,Karnataka,Bidar,Network-C,10444.08,12000,0.87,True,False,False
GRG0161,Menon-Mann Garage,Garage,Gujarat,Vadodara,Network-A,11874.09,12000,0.99,False,False,False
GRG0162,"Modi, Lad and Bhat Garage",Garage,Himachal Pradesh,Adoni,Out-of-Network,14008.3,12000,1.167,True,False,False
GRG0163,Behl Ltd Garage,Garage,Karnataka,Indore,Network-B,13653.19,12000,1.138,True,False,False
GRG0164,Sundaram-Butala Garage,Garage,Bihar,Dibrugarh,Network-A,11600.31,12000,0.967,True,False,False
GRG0165,Mall LLC Garage,Garage,Uttar Pradesh,Tadepalligudem,Network-A,12356.63,12000,1.03,True,False,False
GRG0166,Maharaj-Kurian Garage,Garage,Tamil Nadu,Gorakhpur,Out-of-Network,11782.89,12000,0.982,True,False,False
GRG0167,"Ghosh, Dora and Sekhon Garage",Garage,Punjab,Akola,Network-B,13492.31,12000,1.124,True,False,False
GRG0168,Keer-Sundaram Garage,Garage,Uttar Pradesh,Dehri,Network-B,10356.08,12000,0.863,True,False,False
GRG0169,Oza Inc Garage,Garage,Andhra Pradesh,Hindupur,Network-B,12768.56,12000,1.064,True,False,False
GRG0170,Tandon Group Garage,Garage,Bihar,Patiala,Network-A,9972.25,12000,0.831,True,False,False
GRG0171,"Sarraf, Ganesh and Kade Garage",Garage,West Bengal,Meerut,Network-A,13248.34,12000,1.104,True,False,False
GRG0172,"Lalla, D’Alia and Ben Garage",Garage,West Bengal,Madhyamgram,Network-B,10970.44,12000,0.914,True,False,False
GRG0173,Soni-Mitra Garage,Garage,Uttar Pradesh,Katihar,Network-C,11863.79,12000,0.989,True,False,False
GRG0174,Raghavan Ltd Garage,Garage,Telangana,Bhalswa Jahangir Pur,Network-C,11519.77,12000,0.96,True,False,False
GRG0175,Dhillon-Wali Garage,Garage,Madhya Pradesh,Ahmedabad,Network-B,12119.57,12000,1.01,True,False,False
GRG0176,Sen-Raja Garage,Garage,West Bengal,Bettiah,Network-B,11243.11,12000,0.937,True,False,False
GRG0177,"Barman, Chatterjee and Wali Garage",Garage,Bihar,Bhiwani,Network-B,10014.95,12000,0.835,True,False,False
GRG0178,"Mahajan, Nayak and Madan Garage",Garage,Delhi,Navi Mumbai,Network-B,13409.17,12000,1.117,True,False,False
GRG0179,Raman-Shenoy Garage,Garage,Rajasthan,Giridih,Out-of-Network,12321.26,12000,1.027,True,False,False
GRG0180,Venkatesh LLC Garage,Garage,Karnataka,Satara,Network-B,12031.73,12000,1.003,True,False,False
GRG0181,"Anne, Anand and Bir Garage",Garage,Maharashtra,Bulandshahr,Network-B,10883.2,12000,0.907,True,False,False
GRG0182,Vohra Inc Garage,Garage,Bihar,Etawah,Network-B,13460.53,12000,1.122,True,False,False
GRG0183,Mander LLC Garage,Garage,Rajasthan,Visakhapatnam,Network-B,11119.01,12000,0.927,True,False,False
GRG0184,Chanda Inc Garage,Garage,Karnataka,Khora ,Network-A,13964.65,12000,1.164,True,False,False
GRG0185,"Dara, Dar and Chadha Garage",Garage,Tamil Nadu,Gandhinagar,Network-A,10229.78,12000,0.852,True,False,False
GRG0186,"Goyal, Choudhry and Gour Garage",Garage,Gujarat,Durg,Network-A,13339.86,12000,1.112,True,False,False
GRG0187,Borra-Setty Garage,Garage,Bihar,Purnia,Network-A,11727.25,12000,0.977,True,False,False
GRG0188,"Naik, Kurian and Edwin Garage",Garage,Uttar Pradesh,Bally,Network-A,10544.03,12000,0.879,True,False,False
GRG0189,Raja Group Garage,Garage,Kerala,Allahabad,Network-B,14035.8,12000,1.17,True,False,False
GRG0190,Lanka-Gokhale Garage,Garage,Madhya Pradesh,Coimbatore,Out-of-Network,9913.04,12000,0.826,True,False,False
GRG0191,Iyer-Ramaswamy Garage,Garage,Maharashtra,Pallavaram,Network-B,14025.43,12000,1.169,True,False,False
GRG0192,Dhawan PLC Garage,Garage,Maharashtra,Bellary,Network-B,12762.32,12000,1.064,True,False,False
GRG0193,"Cherian, Sathe and Lad Garage",Garage,Gujarat,Visakhapatnam,Network-C,12691.62,12000,1.058,True,False,False
GRG0194,Bobal PLC Garage,Garage,Andhra Pradesh,Amroha,Network-B,9629.08,12000,0.802,True,False,False
GRG0195,Tank and Sons Garage,Garage,Maharashtra,Agra,Network-A,10923.19,12000,0.91,True,False,False
GRG0196,"Ramakrishnan, Lata and Doshi Garage",Garage,Karnataka,Katni,Out-of-Network,13998.25,12000,1.167,True,False,False
GRG0197,"Aggarwal, Varma and Swaminathan Garage",Garage,West Bengal,Junagadh,Network-C,11130.71,12000,0.928,True,False,False
GRG0198,Boase-Zachariah Garage,Garage,Bihar,Delhi,Network-C,11957.19,12000,0.996,False,False,False
GRG0199,Subramaniam-Dara Garage,Garage,Himachal Pradesh,Thoothukudi,Out-of-Network,11115.99,12000,0.926,True,False,False
GRG0200,"Mitter, Rattan and Bhakta Garage",Garage,Delhi,Ambarnath,Network-B,13644.72,12000,1.137,True,False,False
GRG0201,"Oak, Buch and Sharaf Garage",Garage,Maharashtra,Panihati,Network-A,9821.11,12000,0.818,True,False,False
GRG0202,Baral Group Garage,Garage,Uttar Pradesh,Dewas,Network-C,11561.28,12000,0.963,True,False,False
GRG0203,"Ramakrishnan, Chhabra and Parmer Garage",Garage,Maharashtra,Guwahati,Network-B,12084.03,12000,1.007,True,False,False
GRG0204,"Sarma, Gupta and Dey Garage",Garage,Maharashtra,Nellore,Out-of-Network,11654.54,12000,0.971,False,False,False
GRG0205,Khare Group Garage,Garage,Gujarat,Rajkot,Network-B,12194.74,12000,1.016,True,False,False
GRG0206,"Morar, Tata and Walla Garage",Garage,Tamil Nadu,Pune,Network-B,12791.54,12000,1.066,True,False,False
GRG0207,Nori Inc Garage,Garage,Madhya Pradesh,Kalyan-Dombivli,Network-B,10458.84,12000,0.872,True,False,False
GRG0208,Dani-Kakar Garage,Garage,Uttar Pradesh,Jorhat,Out-of-Network,12449.34,12000,1.037,True,False,False
GRG0209,Kaul Inc Garage,Garage,Tamil Nadu,Ajmer,Network-C,11194.62,12000,0.933,True,False,False
GRG0210,Bahl-Sinha Garage,Garage,Bihar,Latur,Network-A,10190.26,12000,0.849,True,False,False
GRG0211,"De, Atwal and Gera Garage",Garage,Uttar Pradesh,Aizawl,Network-B,10919.67,12000,0.91,True,False,False
GRG0212,Shan PLC Garage,Garage,Madhya Pradesh,Gudivada,Network-B,10261.92,12000,0.855,True,False,False
GRG0213,Cherian Inc Garage,Garage,Bihar,Hindupur,Network-C,10568.1,12000,0.881,True,False,False
GRG0214,"Kannan, Bhatnagar and Jain Garage",Garage,Uttar Pradesh,Naihati,Network-A,10016.38,12000,0.835,True,False,False
GRG0215,"Ratti, Nair and Dara Garage",Garage,Maharashtra,Pondicherry,Network-C,9711.65,12000,0.809,True,False,False
GRG0216,Bath PLC Garage,Garage,Maharashtra,Thanjavur,Network-C,10902.91,12000,0.909,True,False,False
GRG0217,Dara LLC Garage,Garage,Tamil Nadu,Vijayanagaram,Network-A,11008.2,12000,0.917,True,False,False
GRG0218,Pingle PLC Garage,Garage,Maharashtra,Bahraich,Network-C,11680.41,12000,0.973,True,False,False
GRG0219,Baria and Sons Garage,Garage,Tamil Nadu,Pudukkottai,Network-B,12092.71,12000,1.008,True,False,False
GRG0220,Dugar-Babu Garage,Garage,Gujarat,Jodhpur,Network-C,11460.0,12000,0.955,True,False,False
GRG0221,Amble and Sons Garage,Garage,Chhattisgarh,Guntakal,Network-B,12492.79,12000,1.041,True,False,False
GRG0222,Saha-Soni Garage,Garage,Uttar Pradesh,Tiruppur,Network-C,10123.46,12000,0.844,True,False,False
GRG0223,Madan PLC Garage,Garage,Madhya Pradesh,Bulandshahr,Out-of-Network,10680.11,12000,0.89,True,False,False
GRG0224,Ghosh PLC Garage,Garage,Maharashtra,Kavali,Network-B,12921.57,12000,1.077,True,False,False
GRG0225,Tata PLC Garage,Garage,Gujarat,Barasat,Network-B,13866.18,12000,1.156,True,False,False
GRG0226,Sahota-Agrawal Garage,Garage,Maharashtra,Nellore,Network-B,10463.46,12000,0.872,True,False,False
GRG0227,Wagle Inc Garage,Garage,Tamil Nadu,Panvel,Network-B,13821.29,12000,1.152,True,False,False
GRG0228,"Kanda, Shetty and Joshi Garage",Garage,Tamil Nadu,Meerut,Network-A,10178.77,12000,0.848,True,False,False
GRG0229,Chowdhury and Sons Garage,Garage,Madhya Pradesh,Mehsana,Out-of-Network,11155.1,12000,0.93,True,False,False
GRG0230,Dutta Ltd Garage,Garage,Telangana,Meerut,Network-C,14017.92,12000,1.168,True,False,False
GRG0231,"Patla, Mane and Kadakia Garage",Garage,Madhya Pradesh,Chandrapur,Network-A,10923.66,12000,0.91,True,False,False
GRG0232,Setty-Bassi Garage,Garage,Maharashtra,Faridabad,Network-B,10637.34,12000,0.886,True,False,False
GRG0233,"Goda, Dugar and Balakrishnan Garage",Garage,Tamil Nadu,Kottayam,Network-B,13237.04,12000,1.103,True,False,False
GRG0234,Bobal and Sons Garage,Garage,Uttar Pradesh,Guntakal,Network-B,12628.94,12000,1.052,True,False,False
GRG0235,"Nanda, Saini and Issac Garage",Garage,Kerala,Berhampur,Network-C,12632.01,12000,1.053,True,False,False
GRG0236,Nanda and Sons Garage,Garage,Uttar Pradesh,Patiala,Network-A,12457.04,12000,1.038,True,False,False
GRG0237,"Sachar, Iyengar and Prashad Garage",Garage,Maharashtra,Srinagar,Network-C,12456.87,12000,1.038,True,False,False
GRG0238,Sundaram-Bhagat Garage,Garage,Rajasthan,Ulhasnagar,Network-C,10693.49,12000,0.891,True,False,False
GRG0239,Sha and Sons Garage,Garage,Gujarat,Dindigul,Out-of-Network,10693.38,12000,0.891,True,False,False
GRG0240,Shankar Ltd Garage,Garage,Uttar Pradesh,Secunderabad,Network-A,11332.33,12000,0.944,True,False,False
GRG0241,Jain-Nayak Garage,Garage,Delhi,Patna,Network-A,11934.52,12000,0.995,True,False,False
GRG0242,"Bhasin, Mand and Deshpande Garage",Garage,Gujarat,Kirari Suleman Nagar,Network-A,11378.16,12000,0.948,True,False,False
GRG0243,Sahota-Garg Garage,Garage,Andhra Pradesh,Muzaffarnagar,Network-C,12607.94,12000,1.051,True,False,False
GRG0244,Dugar-Garde Garage,Garage,Karnataka,Chandigarh,Network-C,12394.4,12000,1.033,True,False,False
GRG0245,Vig-Suresh Garage,Garage,Maharashtra,Gudivada,Network-A,13497.03,12000,1.125,True,False,False
GRG0246,Shere-Mallick Garage,Garage,Uttar Pradesh,Haldia,Network-A,11091.55,12000,0.924,True,False,False
GRG0247,"Koshy, Kota and Narang Garage",Garage,Karnataka,Adoni,Network-B,12638.91,12000,1.053,True,False,False
GRG0248,Dixit PLC Garage,Garage,Uttarakhand,Erode,Network-A,9633.01,12000,0.803,True,False,False
GRG0249,Baria Group Garage,Garage,Tamil Nadu,Khandwa,Network-B,12458.4,12000,1.038,True,False,False
GRG0250,"Ramesh, Srinivas and Chaudhari Garage",Garage,Delhi,Shimla,Network-B,11295.3,12000,0.941,True,False,False
GRG0251,Chacko PLC Garage,Garage,Gujarat,Vellore,Network-C,13280.94,12000,1.107,True,False,False
GRG0252,Deo LLC Garage,Garage,Assam,Mathura,Network-B,13315.32,12000,1.11,True,False,False
GRG0253,"Chana, Babu and Srinivasan Garage",Garage,Tamil Nadu,Nanded,Network-B,10727.74,12000,0.894,True,False,False
GRG0254,"Sharaf, Bajwa and Sha Garage",Garage,Gujarat,Durgapur,Network-C,10545.44,12000,0.879,True,False,False
GRG0255,"Ravi, Goyal and Prabhakar Garage",Garage,Maharashtra,Mumbai,Network-B,12484.08,12000,1.04,True,False,False
GRG0256,"Bobal, Rajan and Natarajan Garage",Garage,Uttarakhand,Sagar,Network-C,13819.74,12000,1.152,True,False,False
GRG0257,Madan-Johal Garage,Garage,Rajasthan,Udupi,Network-C,11687.44,12000,0.974,True,False,False
GRG0258,Bhakta-Varma Garage,Garage,Punjab,Faridabad,Network-A,9635.79,12000,0.803,True,False,False
GRG0259,Rajagopal LLC Garage,Garage,Assam,Tadipatri,Network-B,12551.94,12000,1.046,True,False,False
GRG0260,Pau LLC Garage,Garage,Uttar Pradesh,Karaikudi,Network-A,13845.67,12000,1.154,True,False,False
GRG0261,"Bhavsar, Jayaraman and Devi Garage",Garage,Haryana,Mathura,Network-A,11117.92,12000,0.926,True,False,False
GRG0262,"Comar, Sridhar and Kadakia Garage",Garage,Haryana,Pondicherry,Out-of-Network,10702.33,12000,0.892,True,False,False
GRG0263,Loke-Thakur Garage,Garage,Delhi,Bally,Out-of-Network,10682.51,12000,0.89,True,False,False
GRG0264,Bhatnagar LLC Garage,Garage,Odisha,Bidhannagar,Network-A,13520.74,12000,1.127,True,False,False
GRG0265,Thaker-Vyas Garage,Garage,Odisha,Nandyal,Network-B,12492.68,12000,1.041,True,False,False
GRG0266,"Wali, Walia and Master Garage",Garage,Delhi,Udupi,Network-A,11049.85,12000,0.921,True,False,False
GRG0267,Bhatti-Guha Garage,Garage,Uttarakhand,Chandigarh,Network-B,12593.16,12000,1.049,True,False,False
GRG0268,Raman and Sons Garage,Garage,Himachal Pradesh,Solapur,Network-B,11012.75,12000,0.918,True,False,False
GRG0269,Gala LLC Garage,Garage,Maharashtra,Siliguri,Network-B,14324.71,12000,1.194,True,False,False
GRG0270,Dora-Jayaraman Garage,Garage,Maharashtra,Durg,Network-A,11280.0,12000,0.94,True,False,False
GRG0271,Deo-Som Garage,Garage,Delhi,Bidar,Network-B,11600.16,12000,0.967,True,False,False
GRG0272,Bail-Manne Garage,Garage,West Bengal,Rajkot,Network-B,13362.85,12000,1.114,True,False,False
GRG0273,Kata PLC Garage,Garage,West Bengal,Bulandshahr,Network-B,11578.71,12000,0.965,True,False,False
GRG0274,"Oza, Narain and Sunder Garage",Garage,Karnataka,Berhampore,Network-B,14375.15,12000,1.198,True,False,False
GRG0275,Deo-Mohan Garage,Garage,Tamil Nadu,Bhilwara,Network-C,13574.04,12000,1.131,True,False,False
GRG0276,Sule LLC Garage,Garage,Odisha,Nashik,Network-B,9709.44,12000,0.809,True,False,False
GRG0277,Pandit LLC Garage,Garage,Uttar Pradesh,Rourkela,Network-B,10390.59,12000,0.866,True,False,False
GRG0278,"Dyal, Wason and Mangal Garage",Garage,Maharashtra,Akola,Network-C,10424.42,12000,0.869,True,False,False
GRG0279,"Dube, Edwin and Khanna Garage",Garage,Telangana,Kalyan-Dombivli,Out-of-Network,10160.18,12000,0.847,True,False,False
GRG0280,Date-Sastry Garage,Garage,Punjab,Uluberia,Network-C,9858.12,12000,0.822,True,False,False
GRG0281,Jha PLC Garage,Garage,Rajasthan,Ratlam,Network-B,11671.92,12000,0.973,True,False,False
GRG0282,Divan-Pradhan Garage,Garage,Odisha,Panvel,Network-A,11709.51,12000,0.976,True,False,False
GRG0283,Walla LLC Garage,Garage,Uttarakhand,Nagpur,Out-of-Network,11038.31,12000,0.92,True,False,False
GRG0284,Tata-Dhillon Garage,Garage,Gujarat,Imphal,Network-B,13797.63,12000,1.15,True,False,False
GRG0285,Agrawal Ltd Garage,Garage,Assam,Sagar,Network-A,10691.48,12000,0.891,True,False,False
GRG0286,Mann-Din Garage,Garage,Rajasthan,Sonipat,Network-B,11131.05,12000,0.928,True,False,False
GRG0287,"Chowdhury, Srinivas and Baria Garage",Garage,Karnataka,Suryapet,Network-C,13900.34,12000,1.158,True,False,False
GRG0288,Morar Inc Garage,Garage,Uttar Pradesh,Tadipatri,Network-B,12760.48,12000,1.063,True,False,False
GRG0289,Sehgal LLC Garage,Garage,Maharashtra,Khammam,Network-A,9901.26,12000,0.825,False,False,False
GRG0290,Hayer PLC Garage,Garage,Karnataka,Alwar,Network-B,11785.11,12000,0.982,True,False,False
GRG0291,Bajaj Inc Garage,Garage,West Bengal,Chandigarh,Out-of-Network,10203.14,12000,0.85,True,False,False
GRG0292,"Ramesh, Hayer and Swaminathan Garage",Garage,Rajasthan,Madanapalle,Network-C,11358.59,12000,0.947,True,False,False
GRG0293,"Vaidya, Bhalla and Patel Garage",Garage,Bihar,Siliguri,Network-B,13038.88,12000,1.087,True,False,False
GRG0294,"Sane, Pingle and Raju Garage",Garage,Uttar Pradesh,Ahmedabad,Network-A,10437.08,12000,0.87,False,False,False
GRG0295,Pai-Panchal Garage,Garage,Gujarat,Amroha,Network-A,12020.21,12000,1.002,True,False,False
GRG0296,"Chahal, Kale and Sawhney Garage",Garage,Tamil Nadu,Mango,Network-B,9615.4,12000,0.801,True,False,False
GRG0297,Gade-Samra Garage,Garage,Assam,Kolhapur,Network-C,9708.74,12000,0.809,True,False,False
GRG0298,"Chadha, Dhawan and Johal Garage",Garage,Uttar Pradesh,Fatehpur,Network-B,12520.4,12000,1.043,True,False,False
GRG0299,"Nayak, Bhatti and Prashad Garage",Garage,Bihar,Chennai,Network-C,13825.7,12000,1.152,True,False,False
GRG0300,Mahajan-Sachdeva Garage,Garage,Maharashtra,Miryalaguda,Network-B,13215.89,12000,1.101,True,False,False
GRG0301,Devan-Iyengar Garage,Garage,Haryana,Eluru,Network-A,10417.11,12000,0.868,True,False,False
GRG0302,Swaminathan-Basak Garage,Garage,Delhi,Bhimavaram,Network-A,9850.03,12000,0.821,True,False,False
GRG0303,Tak-Sheth Garage,Garage,Bihar,Indore,Network-A,11765.7,12000,0.98,True,False,False
GRG0304,Dube LLC Garage,Garage,West Bengal,Chittoor,Out-of-Network,11542.77,12000,0.962,True,False,False
GRG0305,Mani Group Garage,Garage,Kerala,Pallavaram,Network-A,11005.66,12000,0.917,True,False,False
GRG0306,"Konda, Balakrishnan and Dar Garage",Garage,Bihar,Kumbakonam,Network-B,10074.07,12000,0.84,True,False,False
GRG0307,Pathak PLC Garage,Garage,Maharashtra,Buxar,Network-B,10260.65,12000,0.855,False,False,False
GRG0308,Kuruvilla-Soni Garage,Garage,Gujarat,Dindigul,Network-A,13441.19,12000,1.12,True,False,False
GRG0309,"Badal, Lad and Gaba Garage",Garage,Madhya Pradesh,Ulhasnagar,Network-B,13019.91,12000,1.085,True,False,False
GRG0310,Shenoy-Deshmukh Garage,Garage,Delhi,Ujjain,Network-A,11700.54,12000,0.975,True,False,False
GRG0311,Mahajan LLC Garage,Garage,Bihar,Raurkela Industrial Township,Network-B,11068.53,12000,0.922,True,False,False
GRG0312,Mann LLC Garage,Garage,Maharashtra,Kottayam,Network-C,12045.07,12000,1.004,True,False,False
GRG0313,Goswami Inc Garage,Garage,Bihar,Tinsukia,Network-C,11900.66,12000,0.992,True,False,False
GRG0314,Mutti-Mitra Garage,Garage,Haryana,Mirzapur,Network-C,13208.29,12000,1.101,True,False,False
GRG0315,Warrior PLC Garage,Garage,Rajasthan,Asansol,Network-B,11647.85,12000,0.971,True,False,False
GRG0316,Devan PLC Garage,Garage,Rajasthan,Serampore,Network-B,10343.35,12000,0.862,True,False,False
GRG0317,Sabharwal-Oak Garage,Garage,Kerala,Kota,Network-A,11173.83,12000,0.931,True,False,False
GRG0318,Dubey PLC Garage,Garage,Uttarakhand,Maheshtala,Network-B,14190.43,12000,1.183,True,False,False
GRG0319,"Vora, Wali and Comar Garage",Garage,Uttar Pradesh,Jaunpur,Network-C,11433.0,12000,0.953,True,False,False
GRG0320,Dada and Sons Garage,Garage,Punjab,Nangloi Jat,Network-C,10453.37,12000,0.871,True,False,False
GRG0321,Muni-Patil Garage,Garage,West Bengal,Mango,Network-B,14333.57,12000,1.194,True,False,False
GRG0322,"Virk, Oommen and Gera Garage",Garage,Gujarat,Bhopal,Network-A,13367.82,12000,1.114,True,False,False
GRG0323,"Dani, Kapadia and Dave Garage",Garage,Karnataka,Ambattur,Network-C,11194.09,12000,0.933,True,False,False
GRG0324,Dass-Kadakia Garage,Garage,Uttar Pradesh,Vijayawada,Network-C,13259.53,12000,1.105,True,False,False
GRG0325,Choudhury-Brahmbhatt Garage,Garage,West Bengal,Karawal Nagar,Network-A,10859.0,12000,0.905,True,False,False
GRG0326,Basak-Hegde Garage,Garage,Odisha,Patna,Network-C,13084.62,12000,1.09,True,False,False
GRG0327,"Varghese, Bhargava and Singh Garage",Garage,Andhra Pradesh,Nizamabad,Network-C,14393.74,12000,1.199,True,False,False
GRG0328,Bhatti LLC Garage,Garage,Delhi,Jalandhar,Network-B,11641.99,12000,0.97,True,False,False
GRG0329,Jha PLC Garage,Garage,Karnataka,Udaipur,Network-C,11256.13,12000,0.938,True,False,False
GRG0330,"Panchal, Balakrishnan and Chana Garage",Garage,Andhra Pradesh,Alwar,Out-of-Network,11553.05,12000,0.963,True,False,False
GRG0331,"Pall, Pandey and Dyal Garage",Garage,Bihar,Dibrugarh,Network-C,13746.36,12000,1.146,False,False,False
GRG0332,"Bir, Chaudhary and Atwal Garage",Garage,Chhattisgarh,Nellore,Network-A,12490.92,12000,1.041,True,False,False
GRG0333,Garg-Yogi Garage,Garage,Maharashtra,Navi Mumbai,Network-B,13276.04,12000,1.106,True,False,False
GRG0334,Thaman Ltd Garage,Garage,Haryana,Ambarnath,Network-A,11317.49,12000,0.943,True,False,False
GRG0335,"Goyal, Sarraf and Chhabra Garage",Garage,Tamil Nadu,Raichur,Network-C,13581.26,12000,1.132,True,False,False
GRG0336,Samra-Kala Garage,Garage,Karnataka,Vellore,Network-A,13769.98,12000,1.147,True,False,False
GRG0337,Murthy Inc Garage,Garage,Jharkhand,Bhubaneswar,Network-A,13072.37,12000,1.089,True,False,False
GRG0338,"Deshpande, Tandon and Patel Garage",Garage,Tamil Nadu,Proddatur,Network-A,13983.44,12000,1.165,True,False,False
GRG0339,"Baria, Butala and Narang Garage",Garage,Tamil Nadu,Bhiwandi,Network-C,13940.92,12000,1.162,True,False,False
GRG0340,Mander-Shan Garage,Garage,Punjab,Raiganj,Network-B,11345.92,12000,0.945,True,False,False
GRG0341,Reddy LLC Garage,Garage,Rajasthan,Maheshtala,Network-A,10282.49,12000,0.857,True,False,False
GRG0342,Soni Ltd Garage,Garage,Uttar Pradesh,Mangalore,Out-of-Network,11653.68,12000,0.971,True,False,False
GRG0343,Swamy Ltd Garage,Garage,Uttar Pradesh,Tenali,Network-B,10297.62,12000,0.858,True,False,False
GRG0344,Virk-Chada Garage,Garage,Andhra Pradesh,Asansol,Network-B,12721.02,12000,1.06,True,False,False
GRG0345,Rattan-Chaudry Garage,Garage,Haryana,Amritsar,Network-C,10638.72,12000,0.887,True,False,False
GRG0346,Issac-Nigam Garage,Garage,Gujarat,Hindupur,Network-C,13360.38,12000,1.113,True,False,False
GRG0347,Das-Kaul Garage,Garage,Gujarat,Panchkula,Network-C,10012.8,12000,0.834,True,False,False
GRG0348,Mahajan-Ratta Garage,Garage,Maharashtra,Fatehpur,Out-of-Network,12297.01,12000,1.025,True,False,False
GRG0349,"Ravel, Sundaram and Vaidya Garage",Garage,West Bengal,Siliguri,Network-B,11681.93,12000,0.973,True,False,False
GRG0350,Chokshi-Das Garage,Garage,Karnataka,Unnao,Network-B,12901.62,12000,1.075,False,False,False
GRG0351,Kashyap-Desai Garage,Garage,Tamil Nadu,Navi Mumbai,Network-A,11444.2,12000,0.954,True,False,False
GRG0352,"Bera, Bir and Tara Garage",Garage,Odisha,Mangalore,Network-C,11302.35,12000,0.942,True,False,False
GRG0353,Narain-Dua Garage,Garage,Gujarat,Jalandhar,Network-C,10884.71,12000,0.907,True,False,False
GRG0354,Venkatesh Group Garage,Garage,Karnataka,Panihati,Network-A,13091.08,12000,1.091,True,False,False
GRG0355,Tank-Swaminathan Garage,Garage,Andhra Pradesh,Hosur,Out-of-Network,10309.22,12000,0.859,True,False,False
GRG0356,Zachariah-Badami Garage,Garage,Madhya Pradesh,Chinsurah,Network-B,13370.13,12000,1.114,False,False,False
GRG0357,Rajagopal Group Garage,Garage,West Bengal,Gandhinagar,Network-C,14163.11,12000,1.18,True,False,False
GRG0358,Sharaf-Banik Garage,Garage,West Bengal,Belgaum,Network-C,11315.08,12000,0.943,True,False,False
GRG0359,"Mitter, Gala and Swamy Garage",Garage,Tamil Nadu,Guntur,Network-B,13112.03,12000,1.093,True,False,False
GRG0360,Ramachandran-Sura Garage,Garage,Uttar Pradesh,Jehanabad,Network-A,14130.95,12000,1.178,True,False,False
GRG0361,"Swaminathan, Zacharia and Singhal Garage",Garage,Bihar,Kishanganj,Network-C,13529.77,12000,1.127,True,False,False
GRG0362,Toor Inc Garage,Garage,West Bengal,Firozabad,Network-B,13567.91,12000,1.131,True,False,False
GRG0363,Purohit-Pandit Garage,Garage,Meghalaya,Pondicherry,Network-B,9628.08,12000,0.802,True,False,False
GRG0364,Bala PLC Garage,Garage,Telangana,Warangal,Network-A,14071.95,12000,1.173,True,False,False
GRG0365,Palla-Bala Garage,Garage,Delhi,Nadiad,Network-C,10521.23,12000,0.877,True,False,False
GRG0366,Sangha LLC Garage,Garage,Tamil Nadu,Bulandshahr,Network-A,10109.84,12000,0.842,True,False,False
GRG0367,Bhalla-Konda Garage,Garage,Assam,Noida,Network-C,13421.51,12000,1.118,True,False,False
GRG0368,"Muni, Chad and Bhatti Garage",Garage,Maharashtra,Raipur,Network-A,12636.34,12000,1.053,True,False,False
GRG0369,Gara-Bahri Garage,Garage,West Bengal,Agra,Network-A,12877.89,12000,1.073,True,False,False
GRG0370,Sami-Varma Garage,Garage,Gujarat,Shimoga,Network-B,12350.86,12000,1.029,True,False,False
GRG0371,Singh PLC Garage,Garage,Andhra Pradesh,Ratlam,Network-A,11281.76,12000,0.94,True,False,False
GRG0372,Ramakrishnan-Naidu Garage,Garage,Uttar Pradesh,Unnao,Out-of-Network,13826.52,12000,1.152,True,False,False
GRG0373,Jha LLC Garage,Garage,Madhya Pradesh,Ambala,Network-C,11100.53,12000,0.925,True,False,False
GRG0374,"Nori, Ganesan and Mistry Garage",Garage,Gujarat,Junagadh,Network-B,13730.06,12000,1.144,True,False,False
GRG0375,Taneja Ltd Garage,Garage,West Bengal,Jorhat,Network-B,9712.93,12000,0.809,True,False,False
GRG0376,Mani LLC Garage,Garage,Delhi,Bihar Sharif,Network-B,10141.04,12000,0.845,True,False,False
GRG0377,"Ratti, Kara and Chanda Garage",Garage,Uttar Pradesh,Guntakal,Network-B,10408.77,12000,0.867,True,False,False
GRG0378,Mahajan-Bhavsar Garage,Garage,Uttar Pradesh,Purnia,Network-B,10085.49,12000,0.84,True,False,False
GRG0379,Palan Inc Garage,Garage,Maharashtra,Dibrugarh,Network-B,10128.77,12000,0.844,True,False,False
GRG0380,Sant-Zacharia Garage,Garage,Delhi,Kollam,Network-A,10298.8,12000,0.858,True,False,False
GRG0381,Ratti-Krishnamurthy Garage,Garage,Maharashtra,Motihari,Network-A,11661.23,12000,0.972,True,False,False
GRG0382,Bahl Ltd Garage,Garage,Jharkhand,Gangtok,Out-of-Network,11070.46,12000,0.923,True,False,False
GRG0383,Kala-Sibal Garage,Garage,West Bengal,Katihar,Network-C,11247.06,12000,0.937,True,False,False
GRG0384,"Saraf, Bhasin and Vig Garage",Garage,Maharashtra,Bharatpur,Network-B,13630.14,12000,1.136,True,False,False
GRG0385,Divan-Khosla Garage,Garage,Jharkhand,Dewas,Network-C,11373.07,12000,0.948,False,False,False
GRG0386,Roy-Nagar Garage,Garage,West Bengal,Kurnool,Network-B,12472.48,12000,1.039,True,False,False
GRG0387,Loke-Mangat Garage,Garage,Odisha,Bardhaman,Network-B,14263.57,12000,1.189,True,False,False
GRG0388,"Keer, Ravi and Khare Garage",Garage,Tamil Nadu,Jalgaon,Network-B,10981.73,12000,0.915,True,False,False
GRG0389,Bala and Sons Garage,Garage,Karnataka,Madhyamgram,Network-A,12778.02,12000,1.065,True,False,False
GRG0390,Sarin-Sami Garage,Garage,Karnataka,Panihati,Network-B,12817.75,12000,1.068,True,False,False
GRG0391,Mahajan and Sons Garage,Garage,West Bengal,Rampur,Network-B,10085.76,12000,0.84,True,False,False
GRG0392,Goda-Basak Garage,Garage,West Bengal,Jaipur,Network-A,12778.89,12000,1.065,True,False,False
GRG0393,Chacko LLC Garage,Garage,Gujarat,Rajkot,Network-C,10310.56,12000,0.859,False,False,False
GRG0394,Patla-Chana Garage,Garage,Maharashtra,Kolhapur,Network-C,11164.76,12000,0.93,True,False,False
GRG0395,Choudhury PLC Garage,Garage,West Bengal,Nagaon,Network-C,13683.32,12000,1.14,True,False,False
GRG0396,"Vohra, Krishnamurthy and Taneja Garage",Garage,Tamil Nadu,Patiala,Network-B,11156.83,12000,0.93,True,False,False
GRG0397,"Das, Munshi and Narayan Garage",Garage,Tamil Nadu,Noida,Out-of-Network,12329.57,12000,1.027,True,False,False
GRG0398,Kamdar-Dhawan Garage,Garage,Maharashtra,Akola,Network-C,11648.3,12000,0.971,True,False,False
GRG0399,Maharaj Group Garage,Garage,Punjab,Rohtak,Network-A,12335.23,12000,1.028,True,False,False
GRG0400,"Bhalla, Swaminathan and Walla Garage",Garage,Uttarakhand,Gorakhpur,Network-B,12357.44,12000,1.03,True,False,False
GRG0401,Sampath-Soman Garage,Garage,Maharashtra,Alwar,Network-A,13906.96,12000,1.159,True,False,False
GRG0402,Patil Group Garage,Garage,Odisha,Aizawl,Network-B,9876.27,12000,0.823,True,False,False
GRG0403,Banerjee Ltd Garage,Garage,Madhya Pradesh,Mathura,Network-C,9826.2,12000,0.819,True,False,False
GRG0404,Rajagopalan-More Garage,Garage,Jharkhand,Bhilai,Network-C,12610.2,12000,1.051,True,False,False
GRG0405,"Khalsa, Savant and Rama Garage",Garage,Maharashtra,Singrauli,Network-C,12506.84,12000,1.042,True,False,False
GRG0406,Mitra-Chana Garage,Garage,Maharashtra,Bihar Sharif,Network-B,12679.9,12000,1.057,True,False,False
GRG0407,Dyal Group Garage,Garage,Andhra Pradesh,Vellore,Network-C,13127.28,12000,1.094,True,False,False
GRG0408,Mahal Inc Garage,Garage,Assam,Chittoor,Network-B,11622.11,12000,0.969,True,False,False
GRG0409,"Sachar, Natarajan and Sami Garage",Garage,Madhya Pradesh,Nanded,Network-A,10143.44,12000,0.845,True,False,False
GRG0410,"Lal, Toor and Bhatti Garage",Garage,Haryana,Bidar,Network-C,9830.92,12000,0.819,True,False,False
GRG0411,"Narain, Setty and Bala Garage",Garage,Madhya Pradesh,Udaipur,Network-C,13362.97,12000,1.114,True,False,False
GRG0412,"Sawhney, Deshpande and Aggarwal Garage",Garage,Rajasthan,Kollam,Network-A,12385.95,12000,1.032,True,False,False
GRG0413,"Mody, Murthy and Butala Garage",Garage,Maharashtra,Sangli-Miraj & Kupwad,Network-A,13840.23,12000,1.153,True,False,False
GRG0414,Varty Ltd Garage,Garage,Punjab,Hindupur,Network-B,10985.96,12000,0.915,True,False,False
GRG0415,"Roy, Nagarajan and Seth Garage",Garage,Uttar Pradesh,Guntur,Network-C,10239.65,12000,0.853,True,False,False
GRG0416,Ghose-Narang Garage,Garage,Madhya Pradesh,Davanagere,Network-A,12136.16,12000,1.011,True,False,False
GRG0417,Sachdeva LLC Garage,Garage,Gujarat,Singrauli,Network-C,10834.28,12000,0.903,True,False,False
GRG0418,Kapur-Bail Garage,Garage,Rajasthan,Proddatur,Network-C,12552.91,12000,1.046,True,False,False
GRG0419,"Karnik, Chakraborty and Shere Garage",Garage,Kerala,Firozabad,Network-B,12076.27,12000,1.006,True,False,False
GRG0420,"Ganguly, Bawa and Rattan Garage",Garage,Delhi,Ghaziabad,Network-B,13221.27,12000,1.102,True,False,False
GRG0421,Dixit-Chakraborty Garage,Garage,Uttar Pradesh,Tirunelveli,Network-B,10431.88,12000,0.869,True,False,False
GRG0422,"Dalal, Atwal and Vora Garage",Garage,Madhya Pradesh,Malda,Network-A,9935.23,12000,0.828,True,False,False
GRG0423,"Talwar, Dani and Kapur Garage",Garage,Uttar Pradesh,Jhansi,Network-C,12219.08,12000,1.018,True,False,False
GRG0424,Mani-Talwar Garage,Garage,Manipur,Bikaner,Network-C,13197.49,12000,1.1,True,False,False
GRG0425,Jhaveri-Kale Garage,Garage,Bihar,Maheshtala,Out-of-Network,13699.63,12000,1.142,True,False,False
GRG0426,Gole-Rege Garage,Garage,Uttar Pradesh,Bhopal,Network-A,9903.76,12000,0.825,True,False,False
GRG0427,Lala-Keer Garage,Garage,Manipur,Kulti,Network-B,13938.54,12000,1.162,True,False,False
GRG0428,Shanker-Chada Garage,Garage,Assam,Nandyal,Network-C,13306.88,12000,1.109,True,False,False
GRG0429,Naik Ltd Garage,Garage,West Bengal,Rajpur Sonarpur,Network-C,10099.89,12000,0.842,True,False,False
GRG0430,"Rajagopal, Sampath and Kunda Garage",Garage,Uttar Pradesh,Bareilly,Out-of-Network,10072.03,12000,0.839,True,False,False
GRG0431,"Bhargava, Ben and Natarajan Garage",Garage,Uttar Pradesh,Chittoor,Network-A,9929.09,12000,0.827,True,False,False
GRG0432,Bath-Ahluwalia Garage,Garage,Uttar Pradesh,Dibrugarh,Network-C,12722.46,12000,1.06,True,False,False
GRG0433,"Raj, Mittal and Rana Garage",Garage,Uttar Pradesh,Mira-Bhayandar,Network-B,10922.45,12000,0.91,True,False,False
GRG0434,"Barman, Gola and Lad Garage",Garage,Tamil Nadu,Ambala,Network-C,10348.33,12000,0.862,True,False,False
GRG0435,Nori-Sidhu Garage,Garage,Rajasthan,Hubli–Dharwad,Network-C,13987.49,12000,1.166,True,False,False
GRG0436,Wali-Sant Garage,Garage,Telangana,Bhilwara,Network-C,13381.21,12000,1.115,True,False,False
GRG0437,Munshi Inc Garage,Garage,Tamil Nadu,Panchkula,Network-A,10479.07,12000,0.873,True,False,False
GRG0438,Patel-Sani Garage,Garage,West Bengal,Firozabad,Out-of-Network,9776.64,12000,0.815,True,False,False
GRG0439,"Lalla, Varughese and Munshi Garage",Garage,Uttar Pradesh,Dehradun,Network-C,10012.36,12000,0.834,True,False,False
GRG0440,Swamy-Dora Garage,Garage,Chhattisgarh,Meerut,Network-B,10750.49,12000,0.896,True,False,False
GRG0441,Dixit Inc Garage,Garage,Bihar,South Dumdum,Out-of-Network,13174.3,12000,1.098,True,False,False
GRG0442,Singhal LLC Garage,Garage,Maharashtra,Bhind,Network-B,11320.36,12000,0.943,True,False,False
GRG0443,D’Alia-Talwar Garage,Garage,Karnataka,Mango,Network-C,13446.32,12000,1.121,True,False,False
GRG0444,Sundaram-Shankar Garage,Garage,Haryana,Gorakhpur,Network-B,10672.53,12000,0.889,False,False,False
GRG0445,"Divan, Dasgupta and Palla Garage",Garage,Tamil Nadu,Kurnool,Network-B,13074.85,12000,1.09,True,False,False
GRG0446,Gole-Ganguly Garage,Garage,West Bengal,Phusro,Out-of-Network,11832.0,12000,0.986,True,False,False
GRG0447,"Kala, Agrawal and Vora Garage",Garage,Haryana,Erode,Network-C,13820.28,12000,1.152,True,False,False
GRG0448,Koshy Group Garage,Garage,Uttar Pradesh,Ozhukarai,Network-B,13535.95,12000,1.128,True,False,False
GRG0449,Mane Ltd Garage,Garage,Bihar,Singrauli,Network-A,13305.23,12000,1.109,True,False,False
GRG0450,Cherian-Naik Garage,Garage,Maharashtra,Bhopal,Out-of-Network,12766.03,12000,1.064,True,False,False
GRG0451,Sharma Ltd Garage,Garage,Madhya Pradesh,Malda,Network-C,13249.32,12000,1.104,True,False,False
GRG0452,"Luthra, Ahluwalia and Narayan Garage",Garage,Maharashtra,Bidhannagar,Network-C,12985.27,12000,1.082,True,False,False
GRG0453,Dayal-Kakar Garage,Garage,Assam,Ichalkaranji,Network-C,12066.05,12000,1.006,True,False,False
GRG0454,Bhakta-Bobal Garage,Garage,Tamil Nadu,Tiruchirappalli,Network-C,12113.41,12000,1.009,True,False,False
GRG0455,Kumer-Gokhale Garage,Garage,Jharkhand,Silchar,Network-A,11283.52,12000,0.94,True,False,False
GRG0456,Bail and Sons Garage,Garage,Tamil Nadu,Munger,Network-C,13060.41,12000,1.088,True,False,False
GRG0457,Mane-Dube Garage,Garage,Kerala,Bihar Sharif,Network-A,12896.28,12000,1.075,True,False,False
GRG0458,Sankaran-Mukherjee Garage,Garage,Maharashtra,Secunderabad,Network-C,12820.51,12000,1.068,True,False,False
GRG0459,"Char, Pillai and Vala Garage",Garage,Karnataka,Unnao,Network-C,12237.45,12000,1.02,True,False,False
GRG0460,Rama-Soni Garage,Garage,Uttar Pradesh,Phusro,Network-B,11872.13,12000,0.989,True,False,False
GRG0461,"Sampath, Chana and Sami Garage",Garage,Kerala,Srikakulam,Network-B,10899.53,12000,0.908,True,False,False
GRG0462,Saraf Ltd Garage,Garage,Maharashtra,Tiruchirappalli,Network-C,14118.45,12000,1.177,True,False,False
GRG0463,Varghese LLC Garage,Garage,Bihar,Rajahmundry,Network-C,14375.33,12000,1.198,True,False,False
GRG0464,"Dubey, Tandon and Vyas Garage",Garage,Andhra Pradesh,Ramagundam,Network-B,9808.04,12000,0.817,True,False,False
GRG0465,Sarkar-Buch Garage,Garage,Punjab,Dewas,Network-B,12261.36,12000,1.022,True,False,False
GRG0466,Datta Ltd Garage,Garage,Punjab,Kulti,Network-A,12700.86,12000,1.058,True,False,False
GRG0467,"Sane, Merchant and Batta Garage",Garage,Tamil Nadu,Ranchi,Network-B,13566.06,12000,1.131,True,False,False
GRG0468,"Chokshi, Uppal and Sandal Garage",Garage,Bihar,Bareilly,Network-A,12658.12,12000,1.055,True,False,False
GRG0469,Kulkarni-Pant Garage,Garage,Bihar,Bhimavaram,Network-A,10394.96,12000,0.866,True,False,False
GRG0470,Thakur Inc Garage,Garage,Rajasthan,Surendranagar Dudhrej,Network-A,13019.98,12000,1.085,True,False,False
GRG0471,Gopal Group Garage,Garage,Karnataka,Gwalior,Network-A,13368.99,12000,1.114,True,False,False
GRG0472,Mishra-Murthy Garage,Garage,Maharashtra,Hospet,Network-A,10850.73,12000,0.904,True,False,False
GRG0473,"Lanka, Om and Grover Garage",Garage,Uttar Pradesh,Udaipur,Network-A,14239.09,12000,1.187,True,False,False
GRG0474,Lad Ltd Garage,Garage,Maharashtra,Raebareli,Network-C,9732.23,12000,0.811,True,False,False
GRG0475,"Badami, Ahluwalia and Rana Garage",Garage,Bihar,Ahmedabad,Network-C,12140.05,12000,1.012,True,False,False
GRG0476,Sood Group Garage,Garage,Uttar Pradesh,Madanapalle,Network-A,10264.18,12000,0.855,True,False,False
GRG0477,"Sur, Mitter and Patel Garage",Garage,Maharashtra,Barasat,Network-C,12650.06,12000,1.054,True,False,False
GRG0478,Dass and Sons Garage,Garage,Jharkhand,Jhansi,Network-A,14213.63,12000,1.184,True,False,False
GRG0479,Babu Ltd Garage,Garage,Maharashtra,Indore,Network-B,10867.88,12000,0.906,True,False,False
GRG0480,Srivastava Ltd Garage,Garage,Uttar Pradesh,New Delhi,Network-C,13770.25,12000,1.148,True,False,False
GRG0481,Yohannan-Halder Garage,Garage,Maharashtra,Barasat,Network-A,13184.92,12000,1.099,True,False,False
GRG0482,Divan-Som Garage,Garage,Odisha,Lucknow,Network-A,13533.12,12000,1.128,True,False,False
GRG0483,Ganesan and Sons Garage,Garage,Uttar Pradesh,Shivpuri,Network-A,14363.8,12000,1.197,True,False,False
GRG0484,Bahri-Sengupta Garage,Garage,Karnataka,Panihati,Network-A,10884.16,12000,0.907,True,False,False
GRG0485,Ramanathan-Behl Garage,Garage,Gujarat,Bangalore,Network-B,12746.91,12000,1.062,True,False,False
GRG0486,Sankaran Group Garage,Garage,Tamil Nadu,Adoni,Network-B,10309.1,12000,0.859,True,False,False
GRG0487,"Mannan, Bansal and Sura Garage",Garage,Andhra Pradesh,Shivpuri,Network-B,9873.88,12000,0.823,True,False,False
GRG0488,"Sura, Kata and Bhat Garage",Garage,Kerala,Bhusawal,Network-C,11265.75,12000,0.939,True,False,False
GRG0489,"Mutti, Bhatt and Loyal Garage",Garage,Maharashtra,Bhalswa Jahangir Pur,Network-A,11665.09,12000,0.972,True,False,False
GRG0490,Talwar PLC Garage,Garage,Odisha,Sultan Pur Majra,Network-A,12806.67,12000,1.067,True,False,False
GRG0491,"Sarin, Bail and Edwin Garage",Garage,Andhra Pradesh,Nellore,Network-A,11988.29,12000,0.999,True,False,False
GRG0492,Padmanabhan-Sarma Garage,Garage,Tamil Nadu,Guna,Network-A,13309.42,12000,1.109,True,False,False
GRG0493,Nori PLC Garage,Garage,Rajasthan,Mira-Bhayandar,Network-C,11450.67,12000,0.954,False,False,False
GRG0494,Ramakrishnan-Saha Garage,Garage,Manipur,Chittoor,Out-of-Network,14251.16,12000,1.188,True,False,False
GRG0495,Johal LLC Garage,Garage,Uttar Pradesh,Karawal Nagar,Network-B,10369.31,12000,0.864,True,False,False
GRG0496,Ghose and Sons Garage,Garage,Maharashtra,Medininagar,Network-B,13571.48,12000,1.131,True,False,False
GRG0497,Chaudhuri-Sagar Garage,Garage,Tamil Nadu,Avadi,Network-B,9805.07,12000,0.817,True,False,False
GRG0498,Kadakia PLC Garage,Garage,West Bengal,Surat,Network-B,10119.51,12000,0.843,True,False,False
GRG0499,Lal-Parikh Garage,Garage,West Bengal,Akola,Out-of-Network,12345.41,12000,1.029,True,False,False
GRG0500,"Balay, Bhatt and Nazareth Garage",Garage,Punjab,Raipur,Network-C,13733.94,12000,1.144,True,False,False
SRV0001,"Karan, Dara and Kapur Surveyors",Surveyor,Maharashtra,Rampur,Network-A,5138.35,5000,1.028,True,False,True
SRV0002,Pant-Batra Surveyors,Surveyor,Assam,Saharanpur,Network-B,5310.75,5000,1.062,True,False,True
SRV0003,"Varma, Chawla and Bedi Surveyors",Surveyor,Uttar Pradesh,Berhampore,Network-C,5520.14,5000,1.104,True,False,True
SRV0004,Cherian PLC Surveyors,Surveyor,Andhra Pradesh,Kishanganj,Network-C,4240.96,5000,0.848,True,False,False
SRV0005,Tripathi Inc Surveyors,Surveyor,Chhattisgarh,Kochi,Network-C,5487.7,5000,1.098,True,False,False
SRV0006,Pathak and Sons Surveyors,Surveyor,West Bengal,Mango,Network-C,4265.85,5000,0.853,True,False,False
SRV0007,"Tara, Chaudhary and Dube Surveyors",Surveyor,Uttar Pradesh,Thanjavur,Network-C,4303.37,5000,0.861,True,False,False
SRV0008,Das and Sons Surveyors,Surveyor,Uttarakhand,Vijayanagaram,Network-A,4737.24,5000,0.947,True,False,False
SRV0009,Korpal Group Surveyors,Surveyor,Bihar,Baranagar,Network-A,5988.18,5000,1.198,True,False,False
SRV0010,"Garg, Chada and Lata Surveyors",Surveyor,Uttarakhand,Vijayanagaram,Network-B,4440.2,5000,0.888,True,False,False
SRV0011,Korpal-Doshi Surveyors,Surveyor,Maharashtra,Ambattur,Network-A,5558.51,5000,1.112,True,False,False
SRV0012,Sanghvi Group Surveyors,Surveyor,Maharashtra,Berhampore,Network-B,4785.5,5000,0.957,True,False,False
SRV0013,"Pathak, Balan and Savant Surveyors",Surveyor,Haryana,Hyderabad,Network-B,4863.7,5000,0.973,True,False,False
SRV0014,"Varughese, Boase and Chad Surveyors",Surveyor,Uttar Pradesh,Satna,Network-A,4055.33,5000,0.811,False,False,False
SRV0015,Gala-Saraf Surveyors,Surveyor,Bihar,Singrauli,Network-B,5616.37,5000,1.123,True,False,False
SRV0016,Dora PLC Surveyors,Surveyor,Rajasthan,Saharsa,Network-B,4309.03,5000,0.862,True,False,False
SRV0017,Saini-Ratti Surveyors,Surveyor,Karnataka,Satara,Network-C,4973.44,5000,0.995,True,False,False
SRV0018,Anand-Mammen Surveyors,Surveyor,Jharkhand,Sambhal,Network-A,5837.17,5000,1.167,True,False,False
SRV0019,Jha-Sathe Surveyors,Surveyor,Andhra Pradesh,Machilipatnam,Network-A,5621.75,5000,1.124,True,False,False
SRV0020,Mitra Inc Surveyors,Surveyor,Rajasthan,Siwan,Network-B,4137.36,5000,0.827,True,False,False
SRV0021,Ramakrishnan-Date Surveyors,Surveyor,Gujarat,Kakinada,Network-A,5145.41,5000,1.029,True,False,False
SRV0022,Vaidya PLC Surveyors,Surveyor,Bihar,Saharsa,Network-C,4983.22,5000,0.997,True,False,False
SRV0023,Dutta-Bajaj Surveyors,Surveyor,Karnataka,Panvel,Network-C,4132.71,5000,0.827,True,False,False
SRV0024,"Kuruvilla, Khurana and Modi Surveyors",Surveyor,Rajasthan,Dibrugarh,Network-C,5944.92,5000,1.189,True,False,False
SRV0025,Bhasin LLC Surveyors,Surveyor,Bihar,Guna,Network-B,5276.69,5000,1.055,True,False,False
SRV0026,Dasgupta-Batta Surveyors,Surveyor,Odisha,Sultan Pur Majra,Network-A,5689.46,5000,1.138,True,False,False
SRV0027,Ahluwalia-Setty Surveyors,Surveyor,Madhya Pradesh,Noida,Out-of-Network,5959.55,5000,1.192,True,False,False
SRV0028,"Walla, Kaur and Palla Surveyors",Surveyor,Kerala,Anantapuram,Network-C,4169.68,5000,0.834,True,False,False
SRV0029,"Dey, Purohit and Venkatesh Surveyors",Surveyor,Haryana,Vasai-Virar,Out-of-Network,4823.17,5000,0.965,True,False,False
SRV0030,Varty-Hans Surveyors,Surveyor,Madhya Pradesh,Malda,Network-A,5726.3,5000,1.145,False,False,False
SRV0031,Din Ltd Surveyors,Surveyor,Assam,Bulandshahr,Network-B,5373.8,5000,1.075,True,False,False
SRV0032,Chanda Inc Surveyors,Surveyor,Bihar,Bikaner,Network-B,4489.96,5000,0.898,False,False,False
SRV0033,Kala-Sehgal Surveyors,Surveyor,Manipur,Uluberia,Network-A,4574.99,5000,0.915,True,False,False
SRV0034,"Vora, Rau and Venkataraman Surveyors",Surveyor,Telangana,Bilaspur,Network-B,4658.39,5000,0.932,True,False,False
SRV0035,"Tara, Sampath and Sarraf Surveyors",Surveyor,West Bengal,Erode,Network-A,4366.36,5000,0.873,True,False,False
SRV0036,Dhawan PLC Surveyors,Surveyor,Delhi,Shivpuri,Network-A,4191.76,5000,0.838,True,False,False
SRV0037,"Shankar, Dayal and Varghese Surveyors",Surveyor,Rajasthan,Rajpur Sonarpur,Network-C,5546.6,5000,1.109,True,False,False
SRV0038,Solanki-Bali Surveyors,Surveyor,Uttarakhand,Karaikudi,Network-C,5609.42,5000,1.122,True,False,False
SRV0039,Dani-Rege Surveyors,Surveyor,Kerala,Jamshedpur,Network-B,4845.03,5000,0.969,True,False,False
SRV0040,Mann-Baria Surveyors,Surveyor,Maharashtra,Kochi,Network-A,4007.89,5000,0.802,True,False,False
SRV0041,Mody-Prasad Surveyors,Surveyor,Tamil Nadu,Durg,Network-B,4682.2,5000,0.936,True,False,False
SRV0042,Bala-Dhar Surveyors,Surveyor,Uttar Pradesh,Giridih,Network-C,5204.96,5000,1.041,True,False,False
SRV0043,Bava-Mody Surveyors,Surveyor,Karnataka,Thrissur,Network-C,5961.96,5000,1.192,True,False,False
SRV0044,Suresh Inc Surveyors,Surveyor,Madhya Pradesh,Motihari,Network-B,4851.09,5000,0.97,True,False,False
SRV0045,Bir-Basu Surveyors,Surveyor,Tamil Nadu,Ongole,Network-B,4743.0,5000,0.949,True,False,False
SRV0046,"Mukherjee, Sethi and Nazareth Surveyors",Surveyor,Andhra Pradesh,Fatehpur,Network-B,5622.76,5000,1.125,True,False,False
SRV0047,"Deo, Devi and Thaman Surveyors",Surveyor,Gujarat,Hospet,Network-C,5438.92,5000,1.088,True,False,False
SRV0048,"Sen, Dixit and Nanda Surveyors",Surveyor,Rajasthan,Alappuzha,Network-C,5679.58,5000,1.136,True,False,False
SRV0049,Kaul-Rana Surveyors,Surveyor,Gujarat,Panvel,Network-B,4088.29,5000,0.818,True,False,False
SRV0050,Savant Ltd Surveyors,Surveyor,Uttar Pradesh,Hubli–Dharwad,Network-A,4919.9,5000,0.984,True,False,False
SRV0051,Bakshi PLC Surveyors,Surveyor,Maharashtra,Kishanganj,Network-B,5117.59,5000,1.024,True,False,False
SRV0052,"Dasgupta, Chada and Hans Surveyors",Surveyor,Chhattisgarh,Jehanabad,Network-C,4791.53,5000,0.958,True,False,False
SRV0053,"Gulati, Soni and Thakkar Surveyors",Surveyor,Andhra Pradesh,Jamshedpur,Network-C,4064.66,5000,0.813,True,False,False
SRV0054,"Wali, Gole and Bahl Surveyors",Surveyor,Kerala,Tiruppur,Network-B,4495.36,5000,0.899,True,False,False
SRV0055,Sawhney Inc Surveyors,Surveyor,Manipur,Rewa,Network-C,4390.99,5000,0.878,True,False,False
SRV0056,"Bath, Swamy and Bajaj Surveyors",Surveyor,Maharashtra,Junagadh,Network-A,5130.1,5000,1.026,True,False,False
SRV0057,Sachdeva Inc Surveyors,Surveyor,Maharashtra,Eluru,Network-A,4971.08,5000,0.994,True,False,False
SRV0058,Chand-Contractor Surveyors,Surveyor,Maharashtra,Hosur,Network-B,5815.87,5000,1.163,True,False,False
SRV0059,Mangal and Sons Surveyors,Surveyor,Uttar Pradesh,Rohtak,Network-A,4704.17,5000,0.941,True,False,False
SRV0060,Dube LLC Surveyors,Surveyor,Madhya Pradesh,Gulbarga,Network-C,5676.33,5000,1.135,True,False,False
SRV0061,Nanda and Sons Surveyors,Surveyor,Rajasthan,Howrah,Network-A,4074.41,5000,0.815,True,False,False
SRV0062,Ramakrishnan-Chaudhary Surveyors,Surveyor,Delhi,Ajmer,Network-A,5875.12,5000,1.175,True,False,False
SRV0063,Naik-Kuruvilla Surveyors,Surveyor,Rajasthan,Jamshedpur,Network-B,5666.48,5000,1.133,True,False,False
SRV0064,Jain and Sons Surveyors,Surveyor,Madhya Pradesh,Kumbakonam,Network-B,5825.4,5000,1.165,True,False,False
SRV0065,"Thaman, Rajan and Contractor Surveyors",Surveyor,Rajasthan,Ghaziabad,Network-A,4964.39,5000,0.993,True,False,False
SRV0066,Shetty-Ray Surveyors,Surveyor,Uttar Pradesh,Karawal Nagar,Network-A,4108.62,5000,0.822,True,False,False
SRV0067,Reddy Ltd Surveyors,Surveyor,Maharashtra,Surat,Network-C,4149.26,5000,0.83,True,False,False
SRV0068,Chaudhuri-Koshy Surveyors,Surveyor,Andhra Pradesh,Avadi,Network-A,4922.63,5000,0.985,True,False,False
SRV0069,"Ray, Sehgal and Chacko Surveyors",Surveyor,Punjab,Ajmer,Network-A,4070.78,5000,0.814,True,False,False
SRV0070,Zachariah-Ganguly Surveyors,Surveyor,Gujarat,Siwan,Network-C,5499.84,5000,1.1,True,False,False
SRV0071,Seth-Barman Surveyors,Surveyor,Uttar Pradesh,Madhyamgram,Network-B,4779.09,5000,0.956,True,False,False
SRV0072,"Mann, Ganesh and Acharya Surveyors",Surveyor,Uttar Pradesh,Ongole,Network-B,5009.33,5000,1.002,True,False,False
SRV0073,Krishna-Rai Surveyors,Surveyor,Karnataka,Rajpur Sonarpur,Network-C,5439.38,5000,1.088,True,False,False
SRV0074,"Uppal, Manda and Bath Surveyors",Surveyor,Uttar Pradesh,Deoghar,Out-of-Network,4263.35,5000,0.853,True,False,False
SRV0075,"Boase, Mital and Chakraborty Surveyors",Surveyor,Uttar Pradesh,Bhilai,Network-C,4557.72,5000,0.912,True,False,False
SRV0076,Mammen Group Surveyors,Surveyor,Gujarat,Phagwara,Network-B,5042.97,5000,1.009,True,False,False
SRV0077,"Nadkarni, Oommen and Lal Surveyors",Surveyor,Telangana,Darbhanga,Network-A,5386.2,5000,1.077,True,False,False
SRV0078,Nagy LLC Surveyors,Surveyor,Karnataka,Jaunpur,Network-C,4313.55,5000,0.863,True,False,False
SRV0079,"Narasimhan, Babu and Deol Surveyors",Surveyor,West Bengal,Narasaraopet,Network-A,5383.72,5000,1.077,True,False,False
SRV0080,Agrawal-Andra Surveyors,Surveyor,Maharashtra,Haridwar,Network-C,4977.48,5000,0.995,True,False,False
SRV0081,"Suresh, Ramaswamy and Yohannan Surveyors",Surveyor,Gujarat,Solapur,Network-B,5730.48,5000,1.146,True,False,False
SRV0082,"Balasubramanian, Saxena and Dasgupta Surveyors",Surveyor,Punjab,Gandhinagar,Network-A,5693.08,5000,1.139,True,False,False
SRV0083,"Parmar, Ram and Goel Surveyors",Surveyor,Madhya Pradesh,Amravati,Network-A,4873.69,5000,0.975,True,False,False
SRV0084,Prabhakar-Hans Surveyors,Surveyor,Maharashtra,Bangalore,Network-B,5492.55,5000,1.099,True,False,False
SRV0085,Bahri LLC Surveyors,Surveyor,Madhya Pradesh,Nellore,Network-B,4301.84,5000,0.86,True,False,False
SRV0086,Mitter Ltd Surveyors,Surveyor,Uttar Pradesh,Muzaffarpur,Out-of-Network,5761.61,5000,1.152,True,False,False
SRV0087,Patil-Bansal Surveyors,Surveyor,Jharkhand,Kumbakonam,Network-C,5909.41,5000,1.182,True,False,False
SRV0088,"Kadakia, Amble and Hayre Surveyors",Surveyor,Maharashtra,Bhubaneswar,Network-C,5545.08,5000,1.109,True,False,False
SRV0089,Tella-Tak Surveyors,Surveyor,Uttar Pradesh,Suryapet,Network-B,4547.21,5000,0.909,True,False,False
SRV0090,Gill Inc Surveyors,Surveyor,Karnataka,Amritsar,Out-of-Network,5015.93,5000,1.003,True,False,False
SRV0091,Lad PLC Surveyors,Surveyor,Karnataka,Nagaon,Network-C,5040.1,5000,1.008,True,False,False
SRV0092,"Mahal, Handa and Bajaj Surveyors",Surveyor,Uttar Pradesh,Karaikudi,Network-B,4865.16,5000,0.973,True,False,False
SRV0093,Agate-Sane Surveyors,Surveyor,Odisha,North Dumdum,Network-C,5762.33,5000,1.152,True,False,False
SRV0094,Ray-Mahal Surveyors,Surveyor,West Bengal,Kadapa,Network-C,4568.6,5000,0.914,True,False,False
SRV0095,Tandon-Pathak Surveyors,Surveyor,Jharkhand,Rajahmundry,Network-C,4582.78,5000,0.917,True,False,False
SRV0096,Mall Group Surveyors,Surveyor,Tamil Nadu,Satna,Network-C,5317.14,5000,1.063,True,False,False
SRV0097,Ramanathan and Sons Surveyors,Surveyor,Delhi,Jodhpur,Network-C,4551.44,5000,0.91,True,False,False
SRV0098,"Bakshi, Kara and Sampath Surveyors",Surveyor,West Bengal,Kulti,Network-A,4273.3,5000,0.855,True,False,False
SRV0099,Gala LLC Surveyors,Surveyor,Karnataka,Rajkot,Network-A,5202.24,5000,1.04,True,False,False
SRV0100,"Chatterjee, Bala and Srinivasan Surveyors",Surveyor,Uttar Pradesh,Nagpur,Network-A,5113.73,5000,1.023,True,False,False
SRV0101,"Natt, Krishna and Kota Surveyors",Surveyor,Delhi,Bhalswa Jahangir Pur,Network-A,4004.82,5000,0.801,True,False,False
SRV0102,Oak Inc Surveyors,Surveyor,Gujarat,Saharsa,Network-C,5924.43,5000,1.185,True,False,False
SRV0103,Bora PLC Surveyors,Surveyor,Rajasthan,Bareilly,Network-A,4036.01,5000,0.807,True,False,False
SRV0104,"Sekhon, Dash and Chada Surveyors",Surveyor,Maharashtra,Visakhapatnam,Out-of-Network,5068.57,5000,1.014,True,False,False
SRV0105,Munshi-Bhattacharyya Surveyors,Surveyor,Maharashtra,Ghaziabad,Network-A,5756.06,5000,1.151,True,False,False
SRV0106,Bhakta-Mitra Surveyors,Surveyor,Karnataka,Amritsar,Network-B,5338.96,5000,1.068,True,False,False
SRV0107,Bhalla PLC Surveyors,Surveyor,Bihar,Durg,Network-A,4228.91,5000,0.846,True,False,False
SRV0108,Ratti-Char Surveyors,Surveyor,Maharashtra,Muzaffarpur,Network-A,4822.31,5000,0.964,True,False,False
SRV0109,"Anne, Setty and Rajagopalan Surveyors",Surveyor,Bihar,Haldia,Out-of-Network,5198.29,5000,1.04,True,False,False
SRV0110,"Chaudhuri, Nori and Bal Surveyors",Surveyor,Maharashtra,Hazaribagh,Network-B,5708.66,5000,1.142,True,False,False
SRV0111,Hans-Chokshi Surveyors,Surveyor,Maharashtra,Ahmedabad,Out-of-Network,5675.96,5000,1.135,True,False,False
SRV0112,"Bir, Hari and Date Surveyors",Surveyor,Gujarat,Raichur,Network-A,5380.19,5000,1.076,True,False,False
SRV0113,Srivastava-Saxena Surveyors,Surveyor,Tamil Nadu,Latur,Network-C,4590.63,5000,0.918,True,False,False
SRV0114,Basu Inc Surveyors,Surveyor,Maharashtra,Bijapur,Network-B,5334.59,5000,1.067,True,False,False
SRV0115,"Sarin, Varghese and Parmar Surveyors",Surveyor,Maharashtra,Ballia,Network-C,5020.88,5000,1.004,True,False,False
SRV0116,"Dhingra, Din and Singh Surveyors",Surveyor,Gujarat,Madanapalle,Network-C,5430.25,5000,1.086,True,False,False
SRV0117,Manne-Pillay Surveyors,Surveyor,Odisha,Kadapa,Network-C,4499.05,5000,0.9,True,False,False
SRV0118,"Dhillon, Bhandari and Khanna Surveyors",Surveyor,West Bengal,Bhusawal,Network-C,4803.04,5000,0.961,True,False,False
SRV0119,Hayre-Iyer Surveyors,Surveyor,West Bengal,Coimbatore,Network-B,4230.06,5000,0.846,False,False,False
SRV0120,Gulati-Soni Surveyors,Surveyor,Uttar Pradesh,Ghaziabad,Network-B,4493.63,5000,0.899,True,False,False
SRV0121,"Narula, Nayak and Mistry Surveyors",Surveyor,Uttar Pradesh,Ozhukarai,Network-B,5737.0,5000,1.147,True,False,False
SRV0122,Cheema Group Surveyors,Surveyor,West Bengal,Shimla,Network-C,4509.09,5000,0.902,True,False,False
SRV0123,Aggarwal Ltd Surveyors,Surveyor,Andhra Pradesh,Berhampur,Out-of-Network,4522.01,5000,0.904,True,False,False
SRV0124,Kala-Khare Surveyors,Surveyor,Uttar Pradesh,Bathinda,Network-A,5695.76,5000,1.139,False,False,False
SRV0125,"Prashad, Jha and Ratta Surveyors",Surveyor,Maharashtra,Chennai,Network-B,4748.18,5000,0.95,True,False,False
SRV0126,Anne-Borah Surveyors,Surveyor,Uttarakhand,Ludhiana,Network-B,5158.52,5000,1.032,True,False,False
SRV0127,"Contractor, Dhar and Mannan Surveyors",Surveyor,Uttar Pradesh,Jammu,Network-A,5885.58,5000,1.177,False,False,False
SRV0128,"Parsa, Bassi and Balan Surveyors",Surveyor,Punjab,Davanagere,Network-B,5572.78,5000,1.115,True,False,False
SRV0129,Ghosh-Kanda Surveyors,Surveyor,Delhi,Akola,Network-C,4299.01,5000,0.86,True,False,False
SRV0130,Korpal-Gokhale Surveyors,Surveyor,Telangana,Lucknow,Network-C,4421.21,5000,0.884,True,False,False
SRV0131,Lala Inc Surveyors,Surveyor,West Bengal,Durgapur,Network-B,4088.91,5000,0.818,True,False,False
SRV0132,Choudhry-Nigam Surveyors,Surveyor,Karnataka,Farrukhabad,Out-of-Network,4605.38,5000,0.921,False,False,False
SRV0133,Khatri-Pingle Surveyors,Surveyor,Maharashtra,Tirunelveli,Network-A,4548.14,5000,0.91,True,False,False
SRV0134,"Saraf, Bhattacharyya and Dani Surveyors",Surveyor,Tamil Nadu,Bikaner,Network-A,4897.37,5000,0.979,True,False,False
SRV0135,Handa PLC Surveyors,Surveyor,Bihar,Dindigul,Network-B,5011.31,5000,1.002,True,False,False
SRV0136,Sanghvi-Konda Surveyors,Surveyor,Uttar Pradesh,Tadepalligudem,Network-A,5845.98,5000,1.169,True,False,False
SRV0137,"Gulati, Wason and Menon Surveyors",Surveyor,Haryana,Khammam,Network-C,4071.06,5000,0.814,True,False,False
SRV0138,Bera Ltd Surveyors,Surveyor,Telangana,Cuttack,Network-B,5726.98,5000,1.145,True,False,False
SRV0139,"Suresh, Kadakia and Bumb Surveyors",Surveyor,Uttar Pradesh,Srikakulam,Network-A,4319.86,5000,0.864,True,False,False
SRV0140,Ganesh PLC Surveyors,Surveyor,Uttar Pradesh,Danapur,Network-A,5750.88,5000,1.15,True,False,False
SRV0141,Tara-Venkataraman Surveyors,Surveyor,Maharashtra,Mangalore,Network-B,4236.25,5000,0.847,True,False,False
SRV0142,Prakash-Vora Surveyors,Surveyor,Maharashtra,Shimla,Network-C,5150.54,5000,1.03,True,False,False
SRV0143,Loyal-Rattan Surveyors,Surveyor,Rajasthan,Dhule,Network-C,5398.62,5000,1.08,True,False,False
SRV0144,Jain Group Surveyors,Surveyor,Rajasthan,Tenali,Network-C,4866.24,5000,0.973,True,False,False
SRV0145,Mohan Group Surveyors,Surveyor,Maharashtra,Aurangabad,Network-C,5937.82,5000,1.188,True,False,False
SRV0146,Prasad LLC Surveyors,Surveyor,Uttar Pradesh,Guntur,Network-C,5498.66,5000,1.1,True,False,False
SRV0147,Merchant Group Surveyors,Surveyor,Maharashtra,Berhampur,Network-B,4006.99,5000,0.801,True,False,False
SRV0148,"Barman, Shroff and Vala Surveyors",Surveyor,Uttar Pradesh,Purnia,Network-B,4508.3,5000,0.902,True,False,False
SRV0149,Sibal-Sankaran Surveyors,Surveyor,Maharashtra,Arrah,Network-C,5999.04,5000,1.2,True,False,False
SRV0150,Nadig-Mahajan Surveyors,Surveyor,Haryana,Nagpur,Network-B,4186.69,5000,0.837,True,False,False
SRV0151,Sathe and Sons Surveyors,Surveyor,Andhra Pradesh,Aurangabad,Network-A,4543.39,5000,0.909,True,False,False
SRV0152,Butala-Menon Surveyors,Surveyor,Telangana,Bally,Network-A,5731.99,5000,1.146,True,False,False
SRV0153,Chaudhari Inc Surveyors,Surveyor,Bihar,Karimnagar,Network-A,5430.41,5000,1.086,True,False,False
SRV0154,Iyer LLC Surveyors,Surveyor,Maharashtra,Ozhukarai,Network-A,5970.59,5000,1.194,True,False,False
SRV0155,Mittal-Maharaj Surveyors,Surveyor,Madhya Pradesh,Mahbubnagar,Network-C,4489.77,5000,0.898,True,False,False
SRV0156,Lal Inc Surveyors,Surveyor,Uttar Pradesh,Ichalkaranji,Network-B,4005.74,5000,0.801,True,False,False
SRV0157,Raval-Ravi Surveyors,Surveyor,Andhra Pradesh,Chittoor,Out-of-Network,5283.63,5000,1.057,True,False,False
SRV0158,"Vala, Dixit and Rao Surveyors",Surveyor,Gujarat,Ambattur,Network-C,5354.51,5000,1.071,True,False,False
SRV0159,"Kadakia, Som and Kaur Surveyors",Surveyor,Uttar Pradesh,Surendranagar Dudhrej,Network-B,5584.93,5000,1.117,True,False,False
SRV0160,Chada-Munshi Surveyors,Surveyor,Bihar,Haldia,Network-C,5587.77,5000,1.118,True,False,False
SRV0161,"Sahni, Kadakia and Sarna Surveyors",Surveyor,Andhra Pradesh,Proddatur,Network-C,4412.19,5000,0.882,True,False,False
SRV0162,Prasad and Sons Surveyors,Surveyor,Rajasthan,Farrukhabad,Network-A,4143.99,5000,0.829,False,False,False
SRV0163,"Andra, Tata and Pant Surveyors",Surveyor,Uttarakhand,Kamarhati,Network-B,5321.32,5000,1.064,True,False,False
SRV0164,Sandal-Raval Surveyors,Surveyor,Tamil Nadu,Anantapur,Network-B,5041.84,5000,1.008,True,False,False
SRV0165,"Bajaj, Balay and Dewan Surveyors",Surveyor,Punjab,Bathinda,Out-of-Network,5576.09,5000,1.115,True,False,False
SRV0166,"Raman, Raj and Jayaraman Surveyors",Surveyor,Karnataka,Rajkot,Network-C,4271.57,5000,0.854,True,False,False
SRV0167,"Raju, Guha and Soman Surveyors",Surveyor,Haryana,Ozhukarai,Network-C,5612.44,5000,1.122,True,False,False
SRV0168,"Seth, Modi and Chander Surveyors",Surveyor,Gujarat,Vasai-Virar,Network-C,4735.02,5000,0.947,True,False,False
SRV0169,"Goel, Balay and Suresh Surveyors",Surveyor,Maharashtra,Gaya,Network-B,5366.1,5000,1.073,True,False,False
SRV0170,Boase Group Surveyors,Surveyor,Maharashtra,Tiruppur,Network-C,4072.13,5000,0.814,True,False,False
SRV0171,Manne Ltd Surveyors,Surveyor,Tamil Nadu,Malda,Network-C,5187.57,5000,1.038,True,False,False
SRV0172,Pillay PLC Surveyors,Surveyor,Gujarat,Tirunelveli,Network-B,5884.26,5000,1.177,True,False,False
SRV0173,Roy-Raman Surveyors,Surveyor,Odisha,Bhubaneswar,Network-B,4902.13,5000,0.98,True,False,False
SRV0174,Yadav Group Surveyors,Surveyor,Uttar Pradesh,Coimbatore,Network-C,4912.5,5000,0.983,True,False,False
SRV0175,Jhaveri-De Surveyors,Surveyor,Karnataka,Tirupati,Network-A,5443.58,5000,1.089,True,False,False
SRV0176,Soman-Dutt Surveyors,Surveyor,Gujarat,Dharmavaram,Network-C,5958.46,5000,1.192,True,False,False
SRV0177,Thakkar Ltd Surveyors,Surveyor,Maharashtra,Bally,Network-B,4333.59,5000,0.867,True,False,False
SRV0178,Amble and Sons Surveyors,Surveyor,Rajasthan,Rajkot,Network-A,4309.45,5000,0.862,True,False,False
SRV0179,Koshy-Vora Surveyors,Surveyor,Karnataka,Jehanabad,Network-C,5253.55,5000,1.051,True,False,False
SRV0180,Sharma-Shere Surveyors,Surveyor,Telangana,Mysore,Network-C,5250.43,5000,1.05,True,False,False
SRV0181,Shan-Palan Surveyors,Surveyor,Madhya Pradesh,Katni,Network-B,4836.79,5000,0.967,True,False,False
SRV0182,"Gill, Sagar and Krish Surveyors",Surveyor,Madhya Pradesh,Tadipatri,Network-B,4069.14,5000,0.814,True,False,False
SRV0183,"Sankaran, Shankar and Rajagopalan Surveyors",Surveyor,Telangana,Jehanabad,Network-B,5612.33,5000,1.122,True,False,False
SRV0184,Ramaswamy Ltd Surveyors,Surveyor,Uttar Pradesh,Mathura,Network-C,4196.57,5000,0.839,True,False,False
SRV0185,Mahal Ltd Surveyors,Surveyor,Andhra Pradesh,Jabalpur,Network-B,5585.02,5000,1.117,True,False,False
SRV0186,"Kalla, Tak and Sabharwal Surveyors",Surveyor,Punjab,Arrah,Network-B,4121.23,5000,0.824,False,False,False
SRV0187,Cheema PLC Surveyors,Surveyor,Bihar,Alappuzha,Network-A,5221.78,5000,1.044,True,False,False
SRV0188,Gala-Krishnan Surveyors,Surveyor,Maharashtra,Guna,Network-C,4033.65,5000,0.807,True,False,False
SRV0189,Shere Inc Surveyors,Surveyor,Uttar Pradesh,Surendranagar Dudhrej,Out-of-Network,4876.67,5000,0.975,True,False,False
SRV0190,Oza-Rastogi Surveyors,Surveyor,Uttar Pradesh,Sikar,Network-C,4827.32,5000,0.965,True,False,False
SRV0191,Anne LLC Surveyors,Surveyor,Assam,Bhavnagar,Network-B,5819.74,5000,1.164,True,False,False
SRV0192,Shetty-Sundaram Surveyors,Surveyor,Karnataka,Jabalpur,Network-C,5664.14,5000,1.133,True,False,False
SRV0193,Kibe Ltd Surveyors,Surveyor,Uttar Pradesh,Kolhapur,Network-B,4697.01,5000,0.939,True,False,False
SRV0194,Mallick-Edwin Surveyors,Surveyor,Maharashtra,Surat,Out-of-Network,5032.78,5000,1.007,True,False,False
SRV0195,"Chaudhry, Goel and Menon Surveyors",Surveyor,Madhya Pradesh,Deoghar,Network-B,4709.82,5000,0.942,True,False,False
SRV0196,"Raman, Ganguly and Brahmbhatt Surveyors",Surveyor,Kerala,Darbhanga,Network-B,5233.95,5000,1.047,True,False,False
SRV0197,Sastry LLC Surveyors,Surveyor,Rajasthan,Thrissur,Network-B,4906.05,5000,0.981,True,False,False
SRV0198,"Banerjee, Walia and Kalita Surveyors",Surveyor,Uttar Pradesh,Nashik,Network-C,4749.61,5000,0.95,True,False,False
SRV0199,"Virk, Chauhan and Ramakrishnan Surveyors",Surveyor,Tamil Nadu,Raiganj,Network-B,5263.6,5000,1.053,True,False,False
SRV0200,Agrawal Inc Surveyors,Surveyor,Uttar Pradesh,Panihati,Network-A,5111.42,5000,1.022,True,False,False
SRV0201,Prasad and Sons Surveyors,Surveyor,Madhya Pradesh,Mysore,Network-C,4986.14,5000,0.997,True,False,False
SRV0202,Sama Inc Surveyors,Surveyor,Uttar Pradesh,Naihati,Network-C,5052.58,5000,1.011,True,False,False
SRV0203,Bhatnagar and Sons Surveyors,Surveyor,Madhya Pradesh,Rourkela,Network-C,4335.87,5000,0.867,True,False,False
SRV0204,"Ganesh, Basu and Sagar Surveyors",Surveyor,Karnataka,Khammam,Network-A,5003.61,5000,1.001,True,False,False
SRV0205,Gupta-Johal Surveyors,Surveyor,Rajasthan,Haldia,Network-A,4247.01,5000,0.849,True,False,False
SRV0206,Kata and Sons Surveyors,Surveyor,Tamil Nadu,Raurkela Industrial Township,Out-of-Network,4979.78,5000,0.996,False,False,False
SRV0207,Ghose-Aurora Surveyors,Surveyor,Punjab,Satna,Network-B,4029.95,5000,0.806,True,False,False
SRV0208,Ramachandran and Sons Surveyors,Surveyor,Rajasthan,Muzaffarnagar,Network-C,4987.84,5000,0.998,True,False,False
SRV0209,Mallick Ltd Surveyors,Surveyor,Haryana,Varanasi,Out-of-Network,4801.44,5000,0.96,True,False,False
SRV0210,Kamdar Group Surveyors,Surveyor,Assam,Khora ,Network-C,5966.76,5000,1.193,True,False,False
SRV0211,Chaudry-Yadav Surveyors,Surveyor,Tamil Nadu,Chandrapur,Out-of-Network,5445.66,5000,1.089,True,False,False
SRV0212,Nair Ltd Surveyors,Surveyor,Punjab,Guntur,Network-A,4443.36,5000,0.889,True,False,False
SRV0213,Gill-Nadkarni Surveyors,Surveyor,Gujarat,Jabalpur,Out-of-Network,5991.2,5000,1.198,True,False,False
SRV0214,Badami-Sen Surveyors,Surveyor,Tamil Nadu,Sasaram,Network-B,4279.02,5000,0.856,True,False,False
SRV0215,"Kaul, Thakur and Arya Surveyors",Surveyor,Gujarat,Jaipur,Network-B,4430.04,5000,0.886,True,False,False
SRV0216,"Dash, More and Khalsa Surveyors",Surveyor,Gujarat,Latur,Out-of-Network,4170.44,5000,0.834,True,False,False
SRV0217,"Buch, Bhasin and Devan Surveyors",Surveyor,Maharashtra,Panchkula,Network-B,5035.21,5000,1.007,False,False,False
SRV0218,Jaggi-Doshi Surveyors,Surveyor,Rajasthan,Kurnool,Network-B,5361.93,5000,1.072,True,False,False
SRV0219,"Barad, Khanna and Sawhney Surveyors",Surveyor,Maharashtra,Guntur,Network-B,4452.87,5000,0.891,True,False,False
SRV0220,Nadkarni-Baral Surveyors,Surveyor,Andhra Pradesh,Tumkur,Network-B,5355.74,5000,1.071,True,False,False
SRV0221,Karnik Ltd Surveyors,Surveyor,Assam,Tiruvottiyur,Network-C,4795.55,5000,0.959,True,False,False
SRV0222,Jha PLC Surveyors,Surveyor,West Bengal,Kulti,Out-of-Network,4851.19,5000,0.97,True,False,False
SRV0223,"Kapadia, Raj and Verma Surveyors",Surveyor,Rajasthan,South Dumdum,Network-C,5244.69,5000,1.049,True,False,False
SRV0224,Ahuja-Bhattacharyya Surveyors,Surveyor,Assam,Coimbatore,Network-A,4308.84,5000,0.862,True,False,False
SRV0225,Ben Ltd Surveyors,Surveyor,West Bengal,Kurnool,Network-A,5203.72,5000,1.041,True,False,False
SRV0226,Chand and Sons Surveyors,Surveyor,Kerala,Noida,Network-B,5391.57,5000,1.078,True,False,False
SRV0227,"Brar, Sandhu and Sibal Surveyors",Surveyor,Maharashtra,Dehradun,Network-C,5490.71,5000,1.098,True,False,False
SRV0228,"Hora, Konda and Samra Surveyors",Surveyor,West Bengal,Medininagar,Network-B,5494.18,5000,1.099,True,False,False
SRV0229,Mitter LLC Surveyors,Surveyor,Tamil Nadu,Panihati,Network-C,5499.46,5000,1.1,True,False,False
SRV0230,Srivastava-Buch Surveyors,Surveyor,Karnataka,Sikar,Network-C,4560.58,5000,0.912,True,False,False
SRV0231,Ganesh-Sinha Surveyors,Surveyor,Telangana,Bhusawal,Network-C,4840.25,5000,0.968,True,False,False
SRV0232,"Sant, Dugal and Subramaniam Surveyors",Surveyor,Karnataka,Eluru,Network-A,4521.03,5000,0.904,True,False,False
SRV0233,Chacko-Mital Surveyors,Surveyor,Karnataka,Begusarai,Out-of-Network,4482.96,5000,0.897,True,False,False
SRV0234,"Gill, Kurian and Rai Surveyors",Surveyor,Odisha,Farrukhabad,Network-C,5287.92,5000,1.058,True,False,False
SRV0235,Mander-Prashad Surveyors,Surveyor,Uttar Pradesh,Madurai,Network-B,4135.7,5000,0.827,True,False,False
SRV0236,Deshpande-Singh Surveyors,Surveyor,Tamil Nadu,Bhatpara,Network-B,5097.1,5000,1.019,True,False,False
SRV0237,Agrawal Inc Surveyors,Surveyor,Kerala,Pallavaram,Network-C,5447.07,5000,1.089,True,False,False
SRV0238,Sagar-Rana Surveyors,Surveyor,Tamil Nadu,Yamunanagar,Network-C,5190.79,5000,1.038,True,False,False
SRV0239,Morar-Bobal Surveyors,Surveyor,Bihar,Agra,Network-C,5433.85,5000,1.087,True,False,False
SRV0240,Rajan PLC Surveyors,Surveyor,Jharkhand,Jammu,Network-B,4729.5,5000,0.946,True,False,False
SRV0241,Kumer-Pall Surveyors,Surveyor,Kerala,Arrah,Network-A,5152.78,5000,1.031,True,False,False
SRV0242,"Bhardwaj, Rajan and Samra Surveyors",Surveyor,Bihar,Latur,Network-B,5075.69,5000,1.015,True,False,False
SRV0243,Banerjee-Pathak Surveyors,Surveyor,Punjab,Siliguri,Network-B,5547.23,5000,1.109,True,False,False
SRV0244,Shah-Din Surveyors,Surveyor,Haryana,Shahjahanpur,Out-of-Network,5122.44,5000,1.024,False,False,False
SRV0245,"Edwin, Arora and Dada Surveyors",Surveyor,Uttar Pradesh,Yamunanagar,Network-A,5572.07,5000,1.114,True,False,False
SRV0246,Buch-Vasa Surveyors,Surveyor,West Bengal,Bhusawal,Out-of-Network,4548.82,5000,0.91,True,False,False
SRV0247,Sane LLC Surveyors,Surveyor,Karnataka,Orai,Network-C,5195.49,5000,1.039,True,False,False
SRV0248,"Raja, Morar and Sabharwal Surveyors",Surveyor,Andhra Pradesh,Moradabad,Network-A,4255.88,5000,0.851,True,False,False
SRV0249,"Padmanabhan, Dhar and Luthra Surveyors",Surveyor,Uttar Pradesh,Sikar,Network-B,5593.78,5000,1.119,True,False,False
SRV0250,"Morar, Ahuja and Ganguly Surveyors",Surveyor,Telangana,Mumbai,Network-B,5727.72,5000,1.146,True,False,False
SRV0251,Boase Ltd Surveyors,Surveyor,Telangana,Loni,Out-of-Network,5197.33,5000,1.039,True,False,False
SRV0252,Mani-Sankar Surveyors,Surveyor,Uttar Pradesh,Belgaum,Network-B,5623.14,5000,1.125,True,False,False
SRV0253,Grewal-Desai Surveyors,Surveyor,Andhra Pradesh,Morbi,Network-B,4147.22,5000,0.829,True,False,False
SRV0254,Thakkar Inc Surveyors,Surveyor,Andhra Pradesh,Tezpur,Network-C,4486.77,5000,0.897,True,False,False
SRV0255,Grewal and Sons Surveyors,Surveyor,Kerala,South Dumdum,Network-A,4053.87,5000,0.811,True,False,False
SRV0256,Lad Group Surveyors,Surveyor,West Bengal,Moradabad,Out-of-Network,4674.55,5000,0.935,True,False,False
SRV0257,"Ganesan, Buch and Memon Surveyors",Surveyor,Bihar,Burhanpur,Network-B,5199.4,5000,1.04,True,False,False
SRV0258,Malhotra Inc Surveyors,Surveyor,Rajasthan,Ludhiana,Network-C,4001.91,5000,0.8,True,False,False
SRV0259,"Keer, Sridhar and Sundaram Surveyors",Surveyor,Gujarat,Bangalore,Network-A,4332.2,5000,0.866,True,False,False
SRV0260,Lata Inc Surveyors,Surveyor,Bihar,Jalandhar,Network-C,5774.05,5000,1.155,True,False,False
SRV0261,Vig Inc Surveyors,Surveyor,Tamil Nadu,Madanapalle,Network-A,4170.59,5000,0.834,True,False,False
SRV0262,"Lata, Sunder and Solanki Surveyors",Surveyor,West Bengal,Mahbubnagar,Out-of-Network,4763.84,5000,0.953,True,False,False
SRV0263,Nayar-Prabhakar Surveyors,Surveyor,Maharashtra,Satna,Network-B,5959.32,5000,1.192,True,False,False
SRV0264,Patel Ltd Surveyors,Surveyor,Kerala,Burhanpur,Network-B,4250.13,5000,0.85,True,False,False
SRV0265,"Bhandari, Parekh and Narayanan Surveyors",Surveyor,Uttar Pradesh,Delhi,Network-A,5168.04,5000,1.034,True,False,False
SRV0266,Ratti-Dewan Surveyors,Surveyor,Delhi,Madanapalle,Network-A,4546.69,5000,0.909,True,False,False
SRV0267,Wali LLC Surveyors,Surveyor,Kerala,Arrah,Network-C,5439.37,5000,1.088,True,False,False
SRV0268,Soman-Varma Surveyors,Surveyor,Madhya Pradesh,Maheshtala,Network-C,5330.68,5000,1.066,True,False,False
SRV0269,Nagy Inc Surveyors,Surveyor,Karnataka,Ranchi,Network-B,5593.31,5000,1.119,True,False,False
SRV0270,"Nanda, Sawhney and Kaur Surveyors",Surveyor,Gujarat,Silchar,Out-of-Network,4231.16,5000,0.846,True,False,False
SRV0271,"Bumb, Pall and Sangha Surveyors",Surveyor,Uttar Pradesh,Salem,Network-C,5589.84,5000,1.118,True,False,False
SRV0272,"Rajan, Memon and Hayer Surveyors",Surveyor,Rajasthan,Saharsa,Network-C,5491.37,5000,1.098,True,False,False
SRV0273,"Thaman, Balay and Datta Surveyors",Surveyor,Delhi,Chandigarh,Network-B,4959.69,5000,0.992,True,False,False
SRV0274,Sibal-Ganguly Surveyors,Surveyor,Uttar Pradesh,Bhiwandi,Network-C,5352.3,5000,1.07,True,False,False
SRV0275,Zachariah-Khosla Surveyors,Surveyor,Maharashtra,Rajpur Sonarpur,Network-B,4469.86,5000,0.894,False,False,False
SRV0276,Chakraborty Inc Surveyors,Surveyor,Karnataka,Bhopal,Network-B,5143.8,5000,1.029,True,False,False
SRV0277,Narain Group Surveyors,Surveyor,Himachal Pradesh,Muzaffarnagar,Network-A,5282.84,5000,1.057,True,False,False
SRV0278,"Kurian, Soni and Dasgupta Surveyors",Surveyor,Karnataka,Deoghar,Network-A,5915.84,5000,1.183,True,False,False
SRV0279,"Swamy, Chana and Natarajan Surveyors",Surveyor,Tamil Nadu,Ramgarh,Network-B,5613.07,5000,1.123,True,False,False
SRV0280,"Bhattacharyya, Oza and Purohit Surveyors",Surveyor,Kerala,Kishanganj,Network-C,4459.77,5000,0.892,True,False,False
SRV0281,Kaul-Kapoor Surveyors,Surveyor,Madhya Pradesh,Bhiwandi,Network-A,5911.06,5000,1.182,True,False,False
SRV0282,Chahal-Choudhury Surveyors,Surveyor,Jharkhand,Mau,Out-of-Network,4634.26,5000,0.927,True,False,False
SRV0283,"Guha, D’Alia and Pillai Surveyors",Surveyor,Uttar Pradesh,Satara,Network-B,4901.08,5000,0.98,True,False,False
SRV0284,Agarwal-Mukhopadhyay Surveyors,Surveyor,Bihar,Gudivada,Network-B,4618.82,5000,0.924,True,False,False
SRV0285,"Gupta, Rama and Sampath Surveyors",Surveyor,Bihar,Bharatpur,Network-A,5422.75,5000,1.085,True,False,False
SRV0286,"Date, Venkatesh and Kapadia Surveyors",Surveyor,Madhya Pradesh,Tenali,Network-C,5530.94,5000,1.106,True,False,False
SRV0287,Yohannan Group Surveyors,Surveyor,Uttar Pradesh,Ulhasnagar,Network-C,4678.59,5000,0.936,True,False,False
SRV0288,Kanda-Tata Surveyors,Surveyor,Telangana,Siliguri,Network-C,5116.96,5000,1.023,True,False,False
SRV0289,"Mander, Dhingra and Banerjee Surveyors",Surveyor,West Bengal,Tirupati,Network-B,5617.44,5000,1.123,True,False,False
SRV0290,"Dasgupta, Mahal and Sridhar Surveyors",Surveyor,Uttar Pradesh,Shimla,Out-of-Network,4386.17,5000,0.877,True,False,False
SRV0291,Puri-Bhargava Surveyors,Surveyor,Punjab,Jamnagar,Network-B,5141.45,5000,1.028,True,False,False
SRV0292,"Kade, Kar and Ben Surveyors",Surveyor,West Bengal,Morbi,Network-B,5435.87,5000,1.087,True,False,False
SRV0293,"Ramanathan, Mistry and Dutta Surveyors",Surveyor,Manipur,Motihari,Network-A,5007.5,5000,1.002,True,False,False
SRV0294,Nazareth-Sami Surveyors,Surveyor,Telangana,Karnal,Network-C,4716.79,5000,0.943,False,False,False
SRV0295,Raman-Bora Surveyors,Surveyor,Bihar,Ichalkaranji,Out-of-Network,5844.67,5000,1.169,True,False,False
SRV0296,"Hayer, Ramesh and Chatterjee Surveyors",Surveyor,Haryana,North Dumdum,Network-B,5379.88,5000,1.076,True,False,False
SRV0297,"Bhagat, Modi and Shankar Surveyors",Surveyor,Bihar,Gangtok,Network-B,4521.18,5000,0.904,True,False,False
SRV0298,Sathe Ltd Surveyors,Surveyor,Delhi,Jalna,Network-C,5053.26,5000,1.011,True,False,False
SRV0299,Kadakia and Sons Surveyors,Surveyor,Odisha,Bangalore,Network-B,5591.95,5000,1.118,True,False,False
SRV0300,Chaudry-Divan Surveyors,Surveyor,Bihar,Purnia,Network-C,5409.59,5000,1.082,True,False,False
AGT0001,"Ganguly, Bhalla and Char Agency",Agent,Kerala,Bhalswa Jahangir Pur,Network-B,4011.28,5000,0.802,True,False,False
AGT0002,Ben Inc Agency,Agent,Rajasthan,Guntakal,Network-B,5087.54,5000,1.018,False,False,False
AGT0003,Dixit-Raval Agency,Agent,Delhi,Visakhapatnam,Network-C,5028.52,5000,1.006,True,False,False
AGT0004,Khosla Group Agency,Agent,Tamil Nadu,Barasat,Network-C,5630.53,5000,1.126,True,False,False
AGT0005,"Gera, Prashad and Chakraborty Agency",Agent,Tamil Nadu,Eluru,Network-C,4550.33,5000,0.91,True,False,False
AGT0006,Saxena-Pillai Agency,Agent,Gujarat,Jamshedpur,Network-A,5047.56,5000,1.01,True,False,False
AGT0007,Butala Inc Agency,Agent,Tamil Nadu,Danapur,Network-A,4053.78,5000,0.811,True,False,False
AGT0008,Bajaj PLC Agency,Agent,Gujarat,Panipat,Out-of-Network,4605.99,5000,0.921,True,False,False
AGT0009,"Chandra, Golla and Rajagopalan Agency",Agent,Gujarat,Raebareli,Network-B,5211.7,5000,1.042,True,False,False
AGT0010,Dass-Chaudhary Agency,Agent,Kerala,Rajkot,Network-C,4964.12,5000,0.993,True,False,False
AGT0011,"Yogi, Goyal and Ravi Agency",Agent,Odisha,Singrauli,Network-B,5407.17,5000,1.081,True,False,False
AGT0012,"Yadav, Wagle and Suresh Agency",Agent,Maharashtra,Kadapa,Out-of-Network,5758.19,5000,1.152,True,False,False
AGT0013,"Yohannan, Dash and Johal Agency",Agent,Uttar Pradesh,Bokaro,Network-C,5069.62,5000,1.014,True,False,False
AGT0014,"Gole, Ahluwalia and Sekhon Agency",Agent,Uttar Pradesh,Bhilai,Network-C,5075.41,5000,1.015,False,False,False
AGT0015,Dave PLC Agency,Agent,Maharashtra,Nanded,Out-of-Network,5423.47,5000,1.085,True,False,False
AGT0016,Kunda Inc Agency,Agent,Uttar Pradesh,Amravati,Network-C,5093.37,5000,1.019,False,False,False
AGT0017,"Misra, Patla and Garg Agency",Agent,Odisha,Mumbai,Network-A,4640.76,5000,0.928,True,False,False
AGT0018,Mital Inc Agency,Agent,Uttarakhand,Deoghar,Network-B,5720.05,5000,1.144,True,False,False
AGT0019,Dey-Swaminathan Agency,Agent,Andhra Pradesh,Nagaon,Network-A,5419.72,5000,1.084,True,False,False
AGT0020,Yohannan-Uppal Agency,Agent,Madhya Pradesh,Navi Mumbai,Network-C,5224.32,5000,1.045,True,False,False
AGT0021,"Basu, Khalsa and Bansal Agency",Agent,Telangana,Ajmer,Network-A,4316.5,5000,0.863,True,False,False
AGT0022,Kale-Desai Agency,Agent,West Bengal,Gudivada,Out-of-Network,5594.82,5000,1.119,True,False,False
AGT0023,Mall-Dave Agency,Agent,Punjab,Aurangabad,Network-A,4736.77,5000,0.947,True,False,False
AGT0024,"Kumer, Lad and Raj Agency",Agent,Uttar Pradesh,Silchar,Network-A,5292.36,5000,1.058,True,False,False
AGT0025,Chacko-Kumar Agency,Agent,Tamil Nadu,Asansol,Network-A,5815.7,5000,1.163,True,False,False
AGT0026,"Jani, Bobal and Luthra Agency",Agent,Maharashtra,Serampore,Network-C,5758.09,5000,1.152,True,False,False
AGT0027,"Vaidya, Gade and Saini Agency",Agent,Maharashtra,Satna,Network-B,4145.18,5000,0.829,True,False,False
AGT0028,Raghavan-Bal Agency,Agent,Bihar,Solapur,Network-B,4773.65,5000,0.955,True,False,False
AGT0029,Dash-Wali Agency,Agent,Madhya Pradesh,Motihari,Network-C,4622.77,5000,0.925,True,False,False
AGT0030,Bhatti-Narayan Agency,Agent,Uttar Pradesh,Mirzapur,Out-of-Network,4917.17,5000,0.983,True,False,False
AGT0031,Mahajan-Dhingra Agency,Agent,Assam,Panipat,Network-A,4785.76,5000,0.957,True,False,False
AGT0032,Chaudhari Group Agency,Agent,Telangana,Burhanpur,Network-B,5936.09,5000,1.187,True,False,False
AGT0033,Dasgupta and Sons Agency,Agent,Himachal Pradesh,Giridih,Network-B,4423.09,5000,0.885,True,False,False
AGT0034,Chandran-Wadhwa Agency,Agent,Kerala,Aurangabad,Network-C,4778.09,5000,0.956,True,False,False
AGT0035,Madan-Chaudhary Agency,Agent,Rajasthan,Tirunelveli,Network-B,4264.29,5000,0.853,True,False,False
AGT0036,Ramachandran-Golla Agency,Agent,Odisha,Katihar,Network-B,5755.85,5000,1.151,True,False,False
AGT0037,"Rau, Sood and Datta Agency",Agent,Karnataka,Bangalore,Network-B,4679.63,5000,0.936,True,False,False
AGT0038,"Varghese, Dugal and Date Agency",Agent,Haryana,Burhanpur,Network-A,4073.71,5000,0.815,True,False,False
AGT0039,"Loke, Bera and Prabhakar Agency",Agent,West Bengal,Narasaraopet,Network-B,4977.92,5000,0.996,True,False,False
AGT0040,Shankar-Goswami Agency,Agent,Tamil Nadu,Raichur,Network-A,4552.26,5000,0.91,True,False,False
AGT0041,Thakkar-Mangat Agency,Agent,Maharashtra,Haldia,Network-C,5794.22,5000,1.159,True,False,False
AGT0042,"Karnik, Mody and Chahal Agency",Agent,Delhi,Vellore,Network-A,4338.88,5000,0.868,True,False,False
AGT0043,Chana-Buch Agency,Agent,Uttarakhand,Mathura,Out-of-Network,4596.43,5000,0.919,True,False,False
AGT0044,Gandhi PLC Agency,Agent,Manipur,Guwahati,Network-C,5096.73,5000,1.019,True,False,False
AGT0045,"Mangal, Tailor and Anne Agency",Agent,Bihar,Danapur,Out-of-Network,4851.61,5000,0.97,True,False,False
AGT0046,"Deshpande, Srinivasan and Tank Agency",Agent,Kerala,Machilipatnam,Network-B,5889.99,5000,1.178,True,False,False
AGT0047,Gupta Ltd Agency,Agent,Bihar,Khandwa,Network-C,5098.82,5000,1.02,True,False,False
AGT0048,"Warrior, Pai and Konda Agency",Agent,Andhra Pradesh,Medininagar,Network-A,4521.62,5000,0.904,False,False,False
AGT0049,Ganguly-Viswanathan Agency,Agent,Gujarat,Akola,Network-C,5710.87,5000,1.142,True,False,False
AGT0050,Peri and Sons Agency,Agent,Madhya Pradesh,Faridabad,Network-B,5999.72,5000,1.2,True,False,False
AGT0051,Tandon-Raghavan Agency,Agent,Meghalaya,Dindigul,Network-B,4642.61,5000,0.929,True,False,False
AGT0052,Nigam Ltd Agency,Agent,Odisha,Panvel,Network-A,5918.8,5000,1.184,True,False,False
AGT0053,Mannan LLC Agency,Agent,Punjab,Durg,Network-A,5529.97,5000,1.106,True,False,False
AGT0054,Kala-Agate Agency,Agent,Bihar,Bellary,Network-B,5316.39,5000,1.063,True,False,False
AGT0055,Varma-Banik Agency,Agent,Gujarat,Tadipatri,Network-C,4922.96,5000,0.985,True,False,False
AGT0056,Bhandari-Parekh Agency,Agent,Bihar,Tadepalligudem,Network-A,4565.5,5000,0.913,True,False,False
AGT0057,Narasimhan-Misra Agency,Agent,Telangana,Aligarh,Network-A,5985.3,5000,1.197,True,False,False
AGT0058,Palla Ltd Agency,Agent,Punjab,Rewa,Out-of-Network,5665.01,5000,1.133,True,False,False
AGT0059,Andra-Chaudhuri Agency,Agent,Tamil Nadu,Pallavaram,Network-A,4019.33,5000,0.804,True,False,False
AGT0060,Chad PLC Agency,Agent,Bihar,Bulandshahr,Network-B,4447.49,5000,0.889,True,False,False
AGT0061,Sura Inc Agency,Agent,Uttar Pradesh,Chandrapur,Network-C,5427.89,5000,1.086,True,False,False
AGT0062,Singhal Group Agency,Agent,Assam,Dewas,Network-C,5284.52,5000,1.057,True,False,False
AGT0063,Sangha-Gopal Agency,Agent,Maharashtra,Moradabad,Network-B,4479.86,5000,0.896,True,False,False
AGT0064,Sarna-Edwin Agency,Agent,Madhya Pradesh,Raichur,Network-C,5911.64,5000,1.182,True,False,False
AGT0065,"Saraf, Ahluwalia and Parmer Agency",Agent,Telangana,Bhubaneswar,Network-C,4227.02,5000,0.845,True,False,False
AGT0066,Mane Inc Agency,Agent,Maharashtra,Tenali,Network-B,4076.83,5000,0.815,True,False,False
AGT0067,Narula-Balay Agency,Agent,West Bengal,Davanagere,Network-A,4425.58,5000,0.885,True,False,False
AGT0068,Lata-Dani Agency,Agent,Uttar Pradesh,Unnao,Network-B,4354.67,5000,0.871,True,False,False
AGT0069,"Tandon, Datta and Nair Agency",Agent,Kerala,Orai,Network-B,4774.61,5000,0.955,True,False,False
AGT0070,"Ramachandran, Deep and Choudhary Agency",Agent,Maharashtra,Jaipur,Network-B,4849.11,5000,0.97,True,False,False
AGT0071,Dugal LLC Agency,Agent,Maharashtra,Patiala,Out-of-Network,5100.25,5000,1.02,True,False,False
AGT0072,Oommen Group Agency,Agent,Jharkhand,Raebareli,Network-C,4528.64,5000,0.906,False,False,False
AGT0073,Mann-Manda Agency,Agent,Delhi,Gwalior,Network-A,5894.13,5000,1.179,True,False,False
AGT0074,Kota-Dua Agency,Agent,Uttar Pradesh,Kulti,Network-A,5797.89,5000,1.16,True,False,False
AGT0075,Contractor-Lall Agency,Agent,Karnataka,Haldia,Network-B,5323.52,5000,1.065,False,False,False
AGT0076,Som Ltd Agency,Agent,Maharashtra,Ambala,Network-C,4376.45,5000,0.875,True,False,False
AGT0077,"Golla, Gulati and Dixit Agency",Agent,Manipur,Jamshedpur,Network-C,5928.91,5000,1.186,True,False,False
AGT0078,Rattan Inc Agency,Agent,Rajasthan,Nellore,Network-B,5206.37,5000,1.041,True,False,False
AGT0079,Sandhu Inc Agency,Agent,Assam,Mysore,Network-C,5432.67,5000,1.087,True,False,False
AGT0080,Rai Group Agency,Agent,Uttar Pradesh,Ahmednagar,Network-C,4725.33,5000,0.945,False,False,False
AGT0081,Nayar Group Agency,Agent,Assam,Ghaziabad,Network-B,4924.21,5000,0.985,True,False,False
AGT0082,"Sane, Behl and Modi Agency",Agent,Delhi,Agartala,Network-A,5561.03,5000,1.112,True,False,False
AGT0083,Mand-Panchal Agency,Agent,Kerala,Shahjahanpur,Network-A,4221.82,5000,0.844,True,False,False
AGT0084,Batta-Gopal Agency,Agent,Madhya Pradesh,Mumbai,Network-A,4667.27,5000,0.933,True,False,False
AGT0085,Nagy and Sons Agency,Agent,Maharashtra,Chittoor,Network-C,4258.53,5000,0.852,True,False,False
AGT0086,Chaudhuri-Sankar Agency,Agent,West Bengal,Nizamabad,Network-B,5296.81,5000,1.059,True,False,False
AGT0087,Patla-Natt Agency,Agent,Odisha,Gorakhpur,Network-B,5063.9,5000,1.013,True,False,False
AGT0088,Arya Ltd Agency,Agent,Bihar,Bathinda,Network-A,5768.42,5000,1.154,True,False,False
AGT0089,Pathak-Wadhwa Agency,Agent,Jharkhand,Patiala,Network-A,5366.15,5000,1.073,True,False,False
AGT0090,"Majumdar, Kade and Rajagopalan Agency",Agent,Jharkhand,Aligarh,Network-B,5708.48,5000,1.142,True,False,False
AGT0091,Dara Inc Agency,Agent,Uttarakhand,Nellore,Network-B,4240.63,5000,0.848,True,False,False
AGT0092,"Sehgal, Chaudhary and Borde Agency",Agent,Jharkhand,Barasat,Network-C,4073.27,5000,0.815,True,False,False
AGT0093,"Som, Jaggi and Walla Agency",Agent,Uttar Pradesh,Varanasi,Out-of-Network,5300.26,5000,1.06,True,False,False
AGT0094,Handa Group Agency,Agent,Bihar,Karaikudi,Network-B,4017.43,5000,0.803,True,False,False
AGT0095,Pau-Sen Agency,Agent,Uttar Pradesh,Junagadh,Network-A,4036.27,5000,0.807,True,False,False
AGT0096,Subramanian Group Agency,Agent,Haryana,Rourkela,Network-C,4320.97,5000,0.864,True,False,False
AGT0097,"Mahal, Dayal and Mann Agency",Agent,Odisha,Buxar,Network-B,4291.44,5000,0.858,True,False,False
AGT0098,Gupta Ltd Agency,Agent,Rajasthan,Shimla,Network-B,4742.26,5000,0.948,True,False,False
AGT0099,"Walia, Varghese and Borde Agency",Agent,Uttar Pradesh,Bahraich,Network-C,5232.4,5000,1.046,True,False,False
AGT0100,"Rajagopalan, Ramakrishnan and Rattan Agency",Agent,Jharkhand,Tiruppur,Network-C,4808.9,5000,0.962,True,False,False
AGT0101,Aggarwal and Sons Agency,Agent,West Bengal,Guntakal,Out-of-Network,5025.24,5000,1.005,True,False,False
AGT0102,"Andra, Varghese and Shah Agency",Agent,Uttar Pradesh,Avadi,Out-of-Network,5557.22,5000,1.111,True,False,False
AGT0103,Minhas Ltd Agency,Agent,Karnataka,Suryapet,Network-C,5536.71,5000,1.107,True,False,False
AGT0104,Garg and Sons Agency,Agent,Tamil Nadu,Deoghar,Network-B,4806.48,5000,0.961,True,False,False
AGT0105,Manne Inc Agency,Agent,Jharkhand,Alwar,Network-C,5452.42,5000,1.09,True,False,False
AGT0106,Madan Inc Agency,Agent,Karnataka,Bhagalpur,Network-C,4212.98,5000,0.843,True,False,False
AGT0107,"D’Alia, Agarwal and Palan Agency",Agent,Madhya Pradesh,Anantapur,Network-A,5895.4,5000,1.179,True,False,False
AGT0108,Lalla Ltd Agency,Agent,Assam,Alappuzha,Network-C,5017.75,5000,1.004,True,False,False
AGT0109,"Menon, Nair and Bhandari Agency",Agent,Uttar Pradesh,Raurkela Industrial Township,Network-B,4232.65,5000,0.847,False,False,False
AGT0110,Mammen and Sons Agency,Agent,Maharashtra,Pune,Out-of-Network,5145.24,5000,1.029,True,False,False
AGT0111,"Cherian, Raja and Kurian Agency",Agent,Andhra Pradesh,Mango,Out-of-Network,4654.31,5000,0.931,True,False,False
AGT0112,Nair LLC Agency,Agent,Tamil Nadu,Amaravati,Network-B,4127.56,5000,0.826,True,False,False
AGT0113,"Rana, Dugal and Sehgal Agency",Agent,Karnataka,Raebareli,Network-C,5639.56,5000,1.128,True,False,False
AGT0114,Divan-Srinivas Agency,Agent,Maharashtra,Shimla,Network-A,4428.51,5000,0.886,True,False,False
AGT0115,Sharaf and Sons Agency,Agent,Uttar Pradesh,Maheshtala,Network-C,4284.78,5000,0.857,True,False,False
AGT0116,"Swaminathan, Gole and Manda Agency",Agent,Madhya Pradesh,Tirupati,Out-of-Network,5308.14,5000,1.062,True,False,False
AGT0117,Goel Group Agency,Agent,Chhattisgarh,Coimbatore,Network-B,5543.22,5000,1.109,True,False,False
AGT0118,Bora Group Agency,Agent,Rajasthan,Malda,Network-B,5983.86,5000,1.197,True,False,False
AGT0119,"Rau, Chaudhry and Vyas Agency",Agent,West Bengal,Ahmedabad,Network-B,4935.99,5000,0.987,True,False,False
AGT0120,"Chaudhry, Purohit and Rajagopalan Agency",Agent,Haryana,Bhubaneswar,Out-of-Network,5822.97,5000,1.165,True,False,False
AGT0121,Bassi and Sons Agency,Agent,West Bengal,Gwalior,Network-C,4903.37,5000,0.981,True,False,False
AGT0122,Dhar-Arya Agency,Agent,Andhra Pradesh,Aligarh,Network-C,4994.57,5000,0.999,True,False,False
AGT0123,"Nigam, Chada and Jain Agency",Agent,Kerala,Nangloi Jat,Network-B,4063.43,5000,0.813,True,False,False
AGT0124,"Sawhney, Gade and Mohanty Agency",Agent,Madhya Pradesh,Nangloi Jat,Network-A,4494.65,5000,0.899,True,False,False
AGT0125,Kohli Inc Agency,Agent,Karnataka,Tinsukia,Network-C,4222.77,5000,0.845,True,False,False
AGT0126,Bail Inc Agency,Agent,Delhi,Tinsukia,Network-B,5105.09,5000,1.021,True,False,False
AGT0127,Chauhan-Vaidya Agency,Agent,Madhya Pradesh,Ajmer,Network-B,4361.91,5000,0.872,True,False,False
AGT0128,Kapur Inc Agency,Agent,Kerala,Purnia,Network-C,4869.64,5000,0.974,True,False,False
AGT0129,Din-Pandit Agency,Agent,Madhya Pradesh,Kamarhati,Network-A,4547.38,5000,0.909,False,False,False
AGT0130,"Rajagopalan, Chowdhury and Swamy Agency",Agent,Meghalaya,Bhubaneswar,Network-C,5538.22,5000,1.108,True,False,False
AGT0131,Chaudry LLC Agency,Agent,Gujarat,Solapur,Network-C,4113.56,5000,0.823,True,False,False
AGT0132,"Nath, Dani and Patel Agency",Agent,Uttar Pradesh,Varanasi,Network-B,4235.75,5000,0.847,True,False,False
AGT0133,"Dora, Gokhale and Sangha Agency",Agent,Punjab,Ghaziabad,Network-A,5309.87,5000,1.062,True,False,False
AGT0134,Sandal and Sons Agency,Agent,Karnataka,Baranagar,Network-A,5646.66,5000,1.129,True,False,False
AGT0135,Chawla-Madan Agency,Agent,Telangana,Arrah,Network-B,4183.73,5000,0.837,True,False,False
AGT0136,Bose-Agate Agency,Agent,Maharashtra,Siliguri,Network-B,5632.48,5000,1.126,True,False,False
AGT0137,Divan-Ramakrishnan Agency,Agent,Uttar Pradesh,Morena,Network-B,5082.9,5000,1.017,True,False,False
AGT0138,Chowdhury PLC Agency,Agent,Jharkhand,Alwar,Network-C,5713.7,5000,1.143,True,False,False
AGT0139,Chana LLC Agency,Agent,Uttar Pradesh,South Dumdum,Network-C,4848.97,5000,0.97,True,False,False
AGT0140,Pandit-Nagar Agency,Agent,Bihar,Khandwa,Network-A,4695.73,5000,0.939,True,False,False
AGT0141,Sachdev-Nath Agency,Agent,Karnataka,Sambalpur,Out-of-Network,4509.42,5000,0.902,True,False,False
AGT0142,Sahota-Tank Agency,Agent,Rajasthan,Katihar,Network-A,5455.11,5000,1.091,True,False,False
AGT0143,"Karpe, Rajagopalan and Chacko Agency",Agent,West Bengal,Hajipur,Network-C,4104.43,5000,0.821,True,False,False
AGT0144,"Kanda, Chahal and Keer Agency",Agent,Bihar,Delhi,Out-of-Network,5368.1,5000,1.074,True,False,False
AGT0145,Badal LLC Agency,Agent,Gujarat,Guntur,Network-C,4403.11,5000,0.881,True,False,False
AGT0146,Bhasin LLC Agency,Agent,Uttar Pradesh,Kolhapur,Network-B,5009.83,5000,1.002,True,False,False
AGT0147,Sharma-Dhawan Agency,Agent,Kerala,Latur,Out-of-Network,5386.28,5000,1.077,True,False,False
AGT0148,Kapur Inc Agency,Agent,Meghalaya,Kochi,Network-A,5425.76,5000,1.085,True,False,False
AGT0149,"Dhar, Purohit and Bal Agency",Agent,Delhi,Serampore,Network-B,5269.68,5000,1.054,True,False,False
AGT0150,Cherian Ltd Agency,Agent,Haryana,Morena,Network-C,4759.1,5000,0.952,True,False,False
AGT0151,"Dugar, Balan and Din Agency",Agent,Gujarat,Ajmer,Network-C,4708.33,5000,0.942,True,False,False
AGT0152,Konda Inc Agency,Agent,Gujarat,Jehanabad,Network-C,5562.07,5000,1.112,True,False,False
AGT0153,Doctor-Gopal Agency,Agent,West Bengal,Kolhapur,Network-A,4265.89,5000,0.853,True,False,False
AGT0154,"Wable, Mistry and Singhal Agency",Agent,Tamil Nadu,Naihati,Network-B,5108.14,5000,1.022,True,False,False
AGT0155,Arya-Mangat Agency,Agent,Odisha,Bhatpara,Network-C,5945.62,5000,1.189,True,False,False
AGT0156,Balay PLC Agency,Agent,Rajasthan,Ambala,Network-B,4635.11,5000,0.927,True,False,False
AGT0157,Apte Group Agency,Agent,West Bengal,Malda,Network-A,5580.55,5000,1.116,True,False,False
AGT0158,"Kuruvilla, Thaker and Mohan Agency",Agent,Uttar Pradesh,Bhusawal,Network-A,5934.31,5000,1.187,True,False,False
AGT0159,Magar Inc Agency,Agent,Bihar,Cuttack,Network-C,5207.24,5000,1.041,True,False,False
AGT0160,"Kakar, Rattan and Bhalla Agency",Agent,Haryana,Katni,Network-C,5482.72,5000,1.097,True,False,False
AGT0161,Brahmbhatt Ltd Agency,Agent,Uttar Pradesh,Morena,Network-B,4139.73,5000,0.828,True,False,False
AGT0162,Ravel-Rai Agency,Agent,Bihar,Meerut,Network-B,5014.37,5000,1.003,True,False,False
AGT0163,Samra-Hayer Agency,Agent,Gujarat,Moradabad,Network-C,5094.0,5000,1.019,True,False,False
AGT0164,Brahmbhatt LLC Agency,Agent,Punjab,Bhopal,Network-B,4522.51,5000,0.905,True,False,False
AGT0165,Manda and Sons Agency,Agent,Gujarat,Amritsar,Network-A,5683.18,5000,1.137,True,False,False
AGT0166,Apte LLC Agency,Agent,Rajasthan,Suryapet,Network-A,4254.52,5000,0.851,True,False,False
AGT0167,Bali and Sons Agency,Agent,Telangana,Guwahati,Network-B,4034.59,5000,0.807,True,False,False
AGT0168,"Basu, Sule and Bath Agency",Agent,Punjab,Satna,Network-C,4066.86,5000,0.813,False,False,False
AGT0169,More Inc Agency,Agent,Haryana,Ichalkaranji,Network-A,5083.89,5000,1.017,True,False,False
AGT0170,Tella-Hayer Agency,Agent,Rajasthan,Katni,Network-C,5941.03,5000,1.188,True,False,False
AGT0171,"Parekh, Dayal and Chatterjee Agency",Agent,Himachal Pradesh,Vellore,Network-A,4658.82,5000,0.932,True,False,False
AGT0172,"Thakur, Chaudhuri and Thakkar Agency",Agent,Assam,Nagpur,Network-B,4596.07,5000,0.919,True,False,False
AGT0173,"Raja, Sood and Barad Agency",Agent,Tamil Nadu,Nanded,Network-C,5070.99,5000,1.014,True,False,False
AGT0174,Sheth Inc Agency,Agent,Bihar,Ahmednagar,Network-A,4766.9,5000,0.953,True,False,False
AGT0175,Dhaliwal Ltd Agency,Agent,Punjab,Orai,Network-A,5916.85,5000,1.183,True,False,False
AGT0176,"Virk, Om and Sem Agency",Agent,Kerala,Sonipat,Network-C,5890.33,5000,1.178,True,False,False
AGT0177,Parsa-Sankar Agency,Agent,West Bengal,Munger,Network-A,5237.62,5000,1.048,True,False,False
AGT0178,Joshi PLC Agency,Agent,Maharashtra,Jamnagar,Network-B,5969.52,5000,1.194,True,False,False
AGT0179,"Tank, Chatterjee and Aurora Agency",Agent,Madhya Pradesh,Tirupati,Network-C,5800.96,5000,1.16,True,False,False
AGT0180,"Chahal, Tara and Chandra Agency",Agent,Uttar Pradesh,Satara,Network-A,5859.53,5000,1.172,True,False,False
AGT0181,Merchant and Sons Agency,Agent,Rajasthan,Parbhani,Network-B,5627.34,5000,1.125,True,False,False
AGT0182,"Patla, Pandit and Chakraborty Agency",Agent,Uttar Pradesh,Mangalore,Network-A,4369.97,5000,0.874,True,False,False
AGT0183,"Sharma, Kuruvilla and Solanki Agency",Agent,Andhra Pradesh,Mango,Network-C,4592.11,5000,0.918,True,False,False
AGT0184,"Dey, Dasgupta and Sura Agency",Agent,Bihar,Bharatpur,Network-A,5245.72,5000,1.049,True,False,False
AGT0185,Rattan-Rege Agency,Agent,Gujarat,Gandhidham,Network-A,4429.64,5000,0.886,True,False,False
AGT0186,Vala-Murthy Agency,Agent,Delhi,Gwalior,Network-B,5375.77,5000,1.075,True,False,False
AGT0187,"Sachdev, Toor and Sengupta Agency",Agent,Punjab,Kalyan-Dombivli,Network-B,5865.43,5000,1.173,True,False,False
AGT0188,"Bhandari, Konda and Anand Agency",Agent,Jharkhand,Vasai-Virar,Out-of-Network,5310.58,5000,1.062,True,False,False
AGT0189,Prashad-Dutt Agency,Agent,Uttar Pradesh,Srinagar,Network-A,5675.36,5000,1.135,True,False,False
AGT0190,Rama Group Agency,Agent,Kerala,Karnal,Network-B,4209.61,5000,0.842,True,False,False
AGT0191,Sidhu-Warrior Agency,Agent,Chhattisgarh,Moradabad,Network-B,5382.21,5000,1.076,True,False,False
AGT0192,Gole Ltd Agency,Agent,Delhi,Sikar,Network-C,5020.57,5000,1.004,True,False,False
AGT0193,Iyengar-Ratti Agency,Agent,Bihar,Amritsar,Network-A,5273.98,5000,1.055,True,False,False
AGT0194,Oommen-Sunder Agency,Agent,Maharashtra,Fatehpur,Network-A,5559.86,5000,1.112,True,False,False
AGT0195,Mallick Group Agency,Agent,Uttar Pradesh,Bongaigaon,Out-of-Network,5806.19,5000,1.161,True,False,False
AGT0196,Singhal and Sons Agency,Agent,Madhya Pradesh,Imphal,Network-C,5853.88,5000,1.171,True,False,False
AGT0197,"Balay, Rai and Bhatia Agency",Agent,Uttar Pradesh,Chinsurah,Network-A,5889.91,5000,1.178,True,False,False
AGT0198,Kala-Bhagat Agency,Agent,Tamil Nadu,Lucknow,Network-C,5122.35,5000,1.024,True,False,False
AGT0199,"Sampath, Madan and Krishnan Agency",Agent,Bihar,Gwalior,Network-C,4111.01,5000,0.822,True,False,False
AGT0200,Biswas LLC Agency,Agent,Bihar,Jodhpur,Network-B,4464.49,5000,0.893,True,False,False
